bin	CDS_total	CDS_hypothetical	X16S	X23S	X5S	unique_tRNA	checkm_marker_lineage	Completeness	Contamination	Strain_heterogeneity	Genome_size_bp	ambiguous_bases	scaffolds	contigs	N50_scaffolds_	N50_contigs_	Mean_scaffold_length_bp	Mean_contig_length_bp	Longest_scaffold_bp	Longest_contig_bp	GC	GC_std_scaffolds__1kbp	Coding_density	predicted_genes	gtdb_classification	fastani_ani	fastani_af	closest_placement_reference	closest_placement_ani	closest_placement_af	pplacer_taxonomy	classification_method	msa_percent	red_value	gtdb_warning	silva_taxonomy	mags_workflow_name	mags_workflow_date	mags_workflow_mode	MAG_status	cov_long	cov_ilm	Rabund_long	Rabund_ilm	cmseq_covered_bases	cmseq_polymorphic_bases	percent_snp_rate	cMAG_status	kaiju_domain	kaiju_phylum	AMR_count	VIR_count
bin.0000	3180	1820	1	0	0	19	k__Bacteria (UID2565)	92.61	0	0	3957846	0	144	144	45211	45211	27485	27485	154927	154927	59.8	1.37	88.52	3284	d__Bacteria;p__Planctomycetota;c__Phycisphaerae;o__Sedimentisphaerales;f__Anaerohalophaeraceae;g__B28-G16;s__	N/A	N/A	GCA_003644175.1	76.25	0.11	d__Bacteria;p__Planctomycetota;c__Phycisphaerae;o__Sedimentisphaerales;f__Anaerohalophaeraceae;g__;s__	taxonomic classification defined by topology and ANI	84.75	0.8940819393419036	N/A	FJ264773.1.1520 Bacteria;Planctomycetota;Phycisphaerae;MSBL9;SG8-4;uncultured bacterium	ilmn	2021-09-18	Nanopore-Illumina	MQ	12.399905	0.2851171	15.962562	0.2953196	3500761	4236	0.121002262079588	N	Bacteria	 Planctomycetes	0	0
bin.0001	2317	981	1	0	0	20	p__Firmicutes (UID241)	94.04	2.9	0	2344816	0	174	174	20357	20357	13475	13475	105543	105543	53	2.42	92.82	2425	d__Bacteria;p__Firmicutes_G;c__Limnochordia;o__DTU010;f__DTU010;g__UBA5420;s__UBA5420 sp012518325	99.58	0.94	GCA_012518325.1	99.58	0.94	d__Bacteria;p__Firmicutes_G;c__Limnochordia;o__DTU010;f__DTU010;g__UBA5420;s__	taxonomic classification defined by topology and ANI	92.26	N/A	N/A	HQ156145.1.1410 Bacteria;Firmicutes;Limnochordia;MBA03;uncultured prokaryote	ilmn	2021-09-18	Nanopore-Illumina	MQ	11.008599	0.2531261	16.389027	0.30320954	2083137	9324	0.447594181275643	N	Bacteria	 Firmicutes	0	0
bin.0002	1254	690	0	1	0	11	k__Bacteria (UID2569)	69.25	1.88	14.29	1469886	0	321	321	4826	4826	4579	4579	17721	17721	33.9	2.51	92.31	1458	d__Bacteria;p__Bacteroidota;c__Bacteroidia;o__Bacteroidales;f__WCHB1-69;g__UBA5266;s__UBA5266 sp012519525	99.21	0.88	GCA_012519525.1	99.21	0.88	d__Bacteria;p__Bacteroidota;c__Bacteroidia;o__Bacteroidales;f__WCHB1-69;g__UBA5266;s__	taxonomic classification defined by topology and ANI	61.68	N/A	N/A	NA	ilmn	2021-09-18	Nanopore-Illumina	MQ	7.4635835	0.17161381	8.007366	0.14814241	416261	2884	0.692834543711758	N	Bacteria	 Bacteroidetes	1	0
bin.0003	2168	1540	1	1	2	19	p__Euryarchaeota (UID54)	81.98	5.61	80	2022406	0	809	809	3053	3053	2499	2499	24159	24159	58.2	5.47	86.83	2600	d__Archaea;p__Halobacteriota;c__Methanomicrobia;o__Methanomicrobiales;f__Methanoculleaceae;g__Methanoculleus;s__Methanoculleus sp012797575	97.85	0.77	GCA_012797575.1	97.85	0.77	d__Archaea;p__Halobacteriota;c__Methanomicrobia;o__Methanomicrobiales;f__Methanoculleaceae;g__Methanoculleus;s__	taxonomic classification defined by topology and ANI	76.37	N/A	N/A	AB494253.1.1436 Archaea;Halobacterota;Methanomicrobia;Methanomicrobiales;Methanomicrobiaceae;Methanoculleus;uncultured archaeon	ilmn	2021-09-18	Nanopore-Illumina	MQ	44.077747	1.0135012	55.41838	1.0252824	1989461	30046	1.51025830614423	N	Archaea	 Euryarchaeota	0	0
bin.0004	1511	871	1	0	1	13	o__Clostridiales (UID1212)	48.47	7.28	0	1576598	0	379	379	4186	4186	4159	4159	14741	14741	47.6	5.95	91.25	1708	d__Bacteria;p__Firmicutes_A;c__Clostridia;o__Oscillospirales;f__Acutalibacteraceae;g__UBA1447;s__	N/A	N/A	GCA_002329225.1	97.34	0.46	d__Bacteria;p__Firmicutes_A;c__Clostridia;o__Oscillospirales;f__Acutalibacteraceae;g__UBA1447;s__	taxonomic classification defined by topology and ANI	39.33	0.9983484541444705	N/A	DQ800002.1.1283 Bacteria;Firmicutes;Clostridia;Oscillospirales;Ruminococcaceae;Candidatus Soleaferrea;uncultured bacterium	ilmn	2021-09-18	Nanopore-Illumina	LQ	5.4968514	0.1263918	8.028613	0.14853549	264036	1042	0.394643154721326	N	Bacteria	 Firmicutes	0	0
bin.0005	2295	1172	0	0	0	19	k__Bacteria (UID209)	95.53	3.79	80	2523618	0	555	555	8511	8511	4547	4547	60036	60036	31.9	5.5	88.63	2718	d__Bacteria;p__Thermotogota;c__Thermotogae;o__Petrotogales;f__Petrotogaceae;g__Defluviitoga;s__Defluviitoga tunisiensis	99.0	0.81	GCF_000953715.1	99.0	0.81	d__Bacteria;p__Thermotogota;c__Thermotogae;o__Petrotogales;f__Petrotogaceae;g__;s__	taxonomic classification defined by topology and ANI	88.33	N/A	N/A	NA	ilmn	2021-09-18	Nanopore-Illumina	MQ	25.094091	0.57700074	26.294044	0.48645994	2358522	17098	0.724945537925871	N	Bacteria	 Thermotogae	2	0
bin.0006	2459	1298	0	0	2	19	p__Bacteroidetes (UID2605)	96.19	1.43	0	3077831	0	71	71	80397	80397	43349	43349	162748	162748	44.2	2.12	89.41	2504	d__Bacteria;p__Bacteroidota;c__Bacteroidia;o__Bacteroidales;f__BBW3;g__MWFE01;s__MWFE01 sp002071445	99.96	0.97	GCA_002071445.1	99.96	0.97	d__Bacteria;p__Bacteroidota;c__Bacteroidia;o__Bacteroidales;f__BBW3;g__;s__	taxonomic classification defined by topology and ANI	96.15	N/A	N/A	NA	ilmn	2021-09-18	Nanopore-Illumina	MQ	280.1327	6.441228	268.33743	4.9644475	3077151	255	0.00828688614890852	N	Bacteria	 Bacteroidetes	0	0
bin.0007	2177	1326	0	0	0	20	p__Euryarchaeota (UID49)	98.04	0	0	2292397	0	61	61	51140	51140	37580	37580	125604	125604	53.8	1.62	85.66	2239	d__Archaea;p__Halobacteriota;c__Methanosarcinia;o__Methanotrichales;f__Methanotrichaceae;g__Methanothrix;s__	N/A	N/A	N/A	N/A	N/A	d__Archaea;p__Halobacteriota;c__Methanosarcinia;o__Methanotrichales;f__Methanotrichaceae;g__Methanothrix;s__	taxonomic classification defined by topology and ANI	97.19	0.9705151309289706	Genome not assigned to closest species as it falls outside its pre-defined ANI radius	NA	ilmn	2021-09-18	Nanopore-Illumina	MQ	58.678482	1.349223	92.69764	1.7149773	2288650	759	0.033163655430057	N	Archaea	 Euryarchaeota	0	0
bin.0008	2200	1128	0	0	0	17	k__Bacteria (UID2569)	87.78	0.59	50	2645774	0	523	523	5781	5781	5058	5058	20076	20076	42.1	2.39	90.83	2598	d__Bacteria;p__Bacteroidota;c__Bacteroidia;o__Bacteroidales;f__Prolixibacteraceae;g__Mariniphaga;s__	N/A	N/A	GCF_900129025.1	76.61	0.18	d__Bacteria;p__Bacteroidota;c__Bacteroidia;o__Bacteroidales;f__Prolixibacteraceae;g__Mariniphaga;s__	taxonomic classification defined by topology and ANI	82.83	0.9623970935289724	N/A	NA	ilmn	2021-09-18	Nanopore-Illumina	MQ	6.0343394	0.13875051	9.17308	0.16970901	1083918	5576	0.514430058362348	N	Bacteria	 Bacteroidetes	0	0
bin.0009	1832	794	1	0	2	20	p__Firmicutes (UID241)	90.68	0.42	0	1846968	0	133	133	21370	21370	13886	13886	67741	67741	52	1.89	89.82	1912	d__Bacteria;p__Firmicutes_H;c__UBA994;o__UBA994;f__UBA5500;g__UBA5500;s__	N/A	N/A	GCA_012727835.1	80.38	0.55	d__Bacteria;p__Firmicutes_H;c__UBA994;o__UBA994;f__UBA5500;g__UBA5500;s__	taxonomic classification defined by topology and ANI	90.17	0.9216928378022745	N/A	JX843678.1.1480 Bacteria;Firmicutes;Thermoanaerobacteria;Thermoanaerobacterales;SRB2;uncultured bacterium	ilmn	2021-09-18	Nanopore-Illumina	MQ	10.739757	0.24694447	15.819084	0.29266515	1626126	6456	0.397017205308814	N	Bacteria	 Firmicutes	0	0
bin.0010	1565	842	1	0	1	11	o__Clostridiales (UID1120)	69.56	1.43	14.29	1841731	0	987	987	1945	1945	1865	1865	6609	6609	40.8	3.65	87.8	2304	d__Bacteria;p__Firmicutes_A;c__Clostridia;o__Acetivibrionales;f__DSM-8532;g__DTU069;s__DTU069 sp012730095	98.64	0.88	GCA_012730095.1	98.64	0.88	d__Bacteria;p__Firmicutes_A;c__Clostridia;o__Acetivibrionales;f__DSM-8532;g__DTU069;s__	taxonomic classification defined by topology and ANI	63.21	N/A	N/A	GQ132827.1.1388 Bacteria;Bacteroidota;Bacteroidia;Bacteroidales;Bacteroidales UCG-001;uncultured bacterium	ilmn	2021-09-18	Nanopore-Illumina	MQ	3.644205	0.083792984	7.951726	0.14711301	221823	5345	2.40957880832916	N	Bacteria	 Firmicutes	0	0
bin.0011	2209	914	1	0	0	10	o__Clostridiales (UID1120)	99.02	0.7	0	2365149	0	120	120	36707	36707	19709	19709	91813	91813	39.3	2.29	89.41	2276	d__Bacteria;p__Firmicutes_A;c__Clostridia;o__Tissierellales;f__Sedimentibacteraceae;g__Sedimentibacter;s__Sedimentibacter sp012520455	99.92	0.95	GCA_012520455.1	99.92	0.95	d__Bacteria;p__Firmicutes_A;c__Clostridia;o__Tissierellales;f__Sedimentibacteraceae;g__Sedimentibacter;s__	taxonomic classification defined by topology and ANI	94.9	N/A	N/A	FJ825495.1.1386 Bacteria;Firmicutes;Clostridia;Peptostreptococcales-Tissierellales;Sedimentibacteraceae;Sedimentibacter;uncultured bacterium	ilmn	2021-09-18	Nanopore-Illumina	MQ	56.223248	1.2927686	77.05867	1.4256444	2340086	4124	0.176232839305906	N	Bacteria	 Firmicutes	3	0
bin.0012	1404	556	1	0	0	14	k__Bacteria (UID209)	76.63	0	0	1559404	0	388	388	4266	4266	4019	4019	15984	15984	39.1	2.03	87.43	1664	d__Bacteria;p__Caldatribacteriota;c__Caldatribacteriia;o__Caldatribacteriales;f__UBA8910;g__UBA8910;s__UBA8910 sp002069605	99.28	0.95	GCA_002069605.1	99.28	0.95	d__Bacteria;p__Caldatribacteriota;c__Caldatribacteriia;o__Caldatribacteriales;f__UBA8910;g__UBA8910;s__	taxonomic classification defined by topology and ANI	68.1	N/A	N/A	AJ306782.1.1566 Bacteria;Caldatribacteriota;Caldatribacteriia;Caldatribacteriales;Caldatribacteriaceae;Candidatus Caldatribacterium;uncultured bacterium	ilmn	2021-09-18	Nanopore-Illumina	MQ	4.767135	0.10961307	8.338328	0.15426546	500778	5081	1.01462124933603	N	Bacteria	 Firmicutes	0	0
bin.0013	2074	1310	1	0	0	16	p__Bacteroidetes (UID2605)	69.1	4.05	0	2635651	0	1221	1221	2405	2405	2158	2158	9923	9923	35.8	2.43	90.27	2984	d__Bacteria;p__Bacteroidota;c__Bacteroidia;o__Bacteroidales;f__GCA-2748055;g__;s__	N/A	N/A	N/A	N/A	N/A	d__Bacteria;p__Bacteroidota;c__Bacteroidia;o__Bacteroidales;f__;g__;s__	taxonomic novelty determined using RED	61.13	0.838212276498059	N/A	KC358229.1.1322 Bacteria;Bacteroidota;Bacteroidia;Bacteroidales;SB-5;uncultured bacterium	ilmn	2021-09-18	Nanopore-Illumina	MQ	2.5568295	0.05879043	6.055478	0.11203098	336719	4026	1.19565572480317	N	Bacteria	 Bacteroidetes	0	0
bin.0014	1176	551	0	0	0	13	k__Bacteria (UID209)	64.25	3.39	0	1280607	0	712	712	1849	1849	1798	1798	6722	6722	42.2	2.77	87.8	1766	d__Bacteria;p__Caldatribacteriota;c__Caldatribacteriia;o__Caldatribacteriales;f__Caldatribacteriaceae;g__UBA3950;s__UBA3950 sp002385475	99.18	1.0	GCA_002385475.1	99.18	1.0	d__Bacteria;p__Caldatribacteriota;c__Caldatribacteriia;o__Caldatribacteriales;f__Caldatribacteriaceae;g__;s__	taxonomic classification defined by topology and ANI	50.57	N/A	N/A	NA	ilmn	2021-09-18	Nanopore-Illumina	MQ	2.244047	0.05159847	5.7428055	0.1062463	125510	2129	1.69627918094176	N	Bacteria	 Firmicutes	0	0
bin.0015	1446	587	0	0	2	16	p__Firmicutes (UID239)	81.7	0.98	66.67	1561238	0	128	128	15952	15952	12197	12197	85188	85188	49.7	1.02	88.77	1518	d__Bacteria;p__Firmicutes_G;c__SHA-98;o__UBA4971;f__UBA4971;g__UBA4971;s__UBA4971 sp900019985	99.73	0.83	GCA_900019985.1	99.73	0.83	d__Bacteria;p__Firmicutes_G;c__SHA-98;o__UBA4971;f__UBA4971;g__UBA4971;s__	taxonomic classification defined by topology and ANI	85.43	N/A	N/A	NA	ilmn	2021-09-18	Nanopore-Illumina	MQ	22.044394	0.50687754	33.86905	0.62660336	1542601	7329	0.47510665428066	N	Bacteria	 Firmicutes	0	0
bin.0016	1508	728	2	1	2	16	k__Bacteria (UID2570)	89.71	12.84	23.33	1755123	0	505	505	4887	4887	3475	3475	44197	44197	42.3	3.67	90.6	1860	d__Bacteria;p__Bacteroidota;c__Bacteroidia;o__Bacteroidales;f__Dysgonomonadaceae;g__UBA4179;s__UBA4179 sp002381125	97.39	0.79	GCA_002381125.1	97.39	0.79	d__Bacteria;p__Bacteroidota;c__Bacteroidia;o__Bacteroidales;f__Dysgonomonadaceae;g__UBA4179;s__	taxonomic classification defined by topology and ANI	76.2	N/A	Genome has more than 12.5% of markers with multiple hits	KC333936.1.1493 Bacteria;Firmicutes;D8A-2;uncultured bacterium	ilmn	2021-09-18	Nanopore-Illumina	Contaminated	28.809343	0.6624273	59.39985	1.0989426	1735553	18005	1.03742150196508	N	Bacteria	 Bacteroidetes	0	0
bin.0017	2171	926	0	0	2	18	p__Firmicutes (UID241)	92.75	2.82	20	2215041	0	126	126	25896	25896	17579	17579	86380	86380	59.1	2.2	91.59	2228	d__Bacteria;p__Firmicutes_G;c__Limnochordia;o__DTU010;f__DTU010;g__DTU010;s__DTU010 sp002391385	99.76	0.91	GCA_002391385.1	99.76	0.91	d__Bacteria;p__Firmicutes_G;c__Limnochordia;o__DTU010;f__DTU010;g__DTU010;s__	taxonomic classification defined by topology and ANI	90.11	N/A	N/A	NA	ilmn	2021-09-18	Nanopore-Illumina	MQ	25.906221	0.5956744	41.120842	0.76076704	2192564	4413	0.2012712057664	N	Bacteria	 Firmicutes	0	0
bin.0018	1274	549	0	0	1	12	k__Bacteria (UID209)	66.95	2.68	100	1236881	0	275	275	5013	5013	4497	4497	20412	20412	59.9	3.4	92.3	1431	d__Bacteria;p__Synergistota;c__Synergistia;o__Synergistales;f__Thermovirgaceae;g__58-81;s__58-81 sp002070395	99.09	0.98	GCA_002070395.1	99.09	0.98	d__Bacteria;p__Synergistota;c__Synergistia;o__Synergistales;f__Thermovirgaceae;g__58-81;s__	taxonomic classification defined by topology and ANI	55.41	N/A	N/A	NA	ilmn	2021-09-18	Nanopore-Illumina	MQ	5.65561	0.13004221	12.148527	0.22475706	718031	10252	1.42779350752266	N	Bacteria	 Synergistetes	0	0
bin.0019	2120	1374	2	2	0	17	k__Bacteria (UID2569)	77.55	4.66	30.77	2560191	0	742	742	4809	4809	3450	3450	32565	32565	40	4.66	90.65	2650	d__Bacteria;p__Bacteroidota;c__Bacteroidia;o__Bacteroidales;f__Paludibacteraceae;g__Paludibacter;s__Paludibacter sp012519425	99.16	0.74	GCA_012519425.1	99.16	0.74	d__Bacteria;p__Bacteroidota;c__Bacteroidia;o__Bacteroidales;f__Paludibacteraceae;g__Paludibacter;s__	taxonomic classification defined by topology and ANI	65.75	N/A	N/A	FN667374.1.1462 Bacteria;Firmicutes;Bacilli;Izemoplasmatales;uncultured compost bacterium	ilmn	2021-09-18	Nanopore-Illumina	MQ	29.206602	0.67156166	35.69855	0.6604505	2495772	28282	1.13319646185629	N	Bacteria	 Bacteroidetes	0	0
bin.0020	3513	2006	0	0	3	20	c__Clostridia (UID1118)	89.22	14.34	3.33	3803478	0	1523	1523	2807	2807	2497	2497	16228	16228	34.5	2.48	88.43	4653	d__Bacteria;p__Firmicutes_A;c__Clostridia;o__Lutisporales;f__Lutisporaceae;g__;s__	N/A	N/A	GCA_012522255.1	76.45	0.08	d__Bacteria;p__Firmicutes_A;c__Clostridia;o__Lutisporales;f__Lutisporaceae;g__;s__	taxonomic classification defined by topology and ANI	73.42	0.8341565935676745	N/A	NA	ilmn	2021-09-18	Nanopore-Illumina	Contaminated	5.342985	0.12285387	8.994817	0.166411	1578491	49951	3.16447797295012	N	Bacteria	 Firmicutes	0	0
bin.0021	3462	2226	1	0	0	17	k__Bacteria (UID2570)	76.48	26.11	1.3	4031014	0	2162	2162	1904	1904	1864	1864	9573	9573	37.7	3.46	89.93	5165	d__Bacteria;p__Bacteroidota;c__Bacteroidia;o__Bacteroidales;f__Dysgonomonadaceae;g__Fermentimonas;s__Fermentimonas caenicola	99.26	0.65	GCF_001282625.1	99.26	0.65	d__Bacteria;p__Bacteroidota;c__Bacteroidia;o__Bacteroidales;f__Dysgonomonadaceae;g__Fermentimonas;s__	taxonomic classification defined by topology and ANI	57.26	N/A	Genome has more than 14.2% of markers with multiple hits	KX672176.1.1394 Bacteria;Firmicutes;Thermovenabulia;Thermovenabulales;Tepidanaerobacter;uncultured Thermoanaerobacterales bacterium	ilmn	2021-09-18	Nanopore-Illumina	Contaminated	2.4049506	0.055298205	6.3608575	0.11768073	630766	12442	1.97252229828494	N	Bacteria	 Bacteroidetes	0	0
bin.0022	1185	716	1	0	0	9	k__Bacteria (UID209)	36.22	3.7	50	1112761	0	547	547	2037	2037	2034	2034	30958	30958	59.3	3.43	91.55	1442	d__Bacteria;p__Synergistota;c__Synergistia;o__Synergistales;f__Aminobacteriaceae;g__Aminivibrio;s__	N/A	N/A	GCA_012519165.1	81.36	0.19	d__Bacteria;p__Synergistota;c__Synergistia;o__Synergistales;f__Aminobacteriaceae;g__Aminivibrio;s__	taxonomic classification defined by topology and ANI	30.57	0.9638690655270012	N/A	GQ136248.1.1366 Bacteria;Synergistota;Synergistia;Synergistales;Synergistaceae;uncultured;uncultured bacterium	ilmn	2021-09-18	Nanopore-Illumina	LQ	4.5925384	0.10559849	12.153073	0.22484116	723840	12695	1.75384062776304	N	Bacteria	 Synergistetes	0	0
bin.0023	2006	952	1	3	2	18	p__Firmicutes (UID239)	87.75	7.35	22.22	2097104	0	410	410	9306	9306	5114	5114	72614	72614	51.4	4.6	88.84	2291	d__Bacteria;p__DTU030;c__DTU030;o__DUMP01;f__DUMP01;g__DUNI01;s__DUNI01 sp012837285	99.18	0.82	GCA_012837285.1	99.18	0.82	d__Bacteria;p__DTU030;c__DTU030;o__DUMP01;f__DUMP01;g__DUNI01;s__	taxonomic classification defined by topology and ANI	83.84	N/A	N/A	HQ155055.1.1385 Bacteria;Firmicutes;Incertae Sedis;Gelria;uncultured prokaryote	ilmn	2021-09-18	Nanopore-Illumina	MQ	34.479893	0.79281306	64.78866	1.1986398	2080524	16306	0.783744864274577	N	Bacteria	 Firmicutes	0	0
bin.0024	4228	2382	5	6	4	20	c__Deltaproteobacteria (UID3216)	97.42	10.32	0	4519005	0	477	477	39624	39624	9473	9473	184741	184741	56.2	8.07	87.67	4436	d__Bacteria;p__Desulfobacterota;c__Desulfomonilia;o__UBA1062;f__UBA1062;g__UBA1062;s__UBA1062 sp002316295	98.94	0.91	GCA_002316295.1	98.94	0.91	d__Bacteria;p__Desulfobacterota;c__Desulfomonilia;o__UBA1062;f__UBA1062;g__UBA1062;s__	taxonomic classification defined by topology and ANI	83.78	N/A	Genome has more than 12.5% of markers with multiple hits	FPLM01005714.1.1420 Bacteria;Desulfobacterota;Syntrophia;Syntrophales;Smithellaceae;Smithella;metagenome	ilmn	2021-09-18	Nanopore-Illumina	Contaminated	51.52566	1.1847547	72.62592	1.3436352	4501190	14984	0.332889746933589	N	Bacteria	 Proteobacteria	1	0
bin.0025	2895	1665	3	6	3	17	p__Firmicutes (UID239)	75.5	7.54	38.46	3127630	0	1284	1284	2775	2775	2435	2435	29153	29153	50.1	2.07	87.2	3820	d__Bacteria;p__Firmicutes_G;c__SHA-98;o__UBA4971;f__UBA4971;g__UBA4971;s__	N/A	N/A	GCA_002424305.1	79.47	0.29	d__Bacteria;p__Firmicutes_G;c__SHA-98;o__UBA4971;f__UBA4971;g__UBA4971;s__	taxonomic classification defined by topology and ANI	62.95	0.9487627092710729	Genome has more than 10.8% of markers with multiple hits	CT573933.1.1359 Bacteria;Bacteroidota;Bacteroidia;Bacteroidales;Dysgonomonadaceae;uncultured;uncultured bacterium	ilmn	2021-09-18	Nanopore-Illumina	MQ	5.013268	0.11527253	11.084692	0.2050753	1660608	37571	2.26248458395961	N	Bacteria	 Firmicutes	0	0
bin.0026	1481	647	0	0	1	17	k__Bacteria (UID2328)	98.56	0	0	1550218	0	76	76	40344	40344	20397	20397	101021	101021	47.2	2.35	92.16	1494	d__Bacteria;p__Firmicutes;c__Bacilli;o__ML615J-28;f__CAG-698;g__DTU067;s__DTU067 sp001512995	99.62	0.88	GCA_001512995.1	99.62	0.88	d__Bacteria;p__Firmicutes;c__Bacilli;o__ML615J-28;f__CAG-698;g__DTU067;s__	taxonomic classification defined by topology and ANI	92.75	N/A	N/A	NA	ilmn	2021-09-18	Nanopore-Illumina	MQ	16.174622	0.371911	14.840235	0.27455568	1275392	1853	0.145288664191088	N	Bacteria	 Firmicutes	0	0
bin.0027	1669	820	1	1	0	20	p__Bacteroidetes (UID2605)	93.24	1.43	0	1921223	0	49	49	163039	163039	39208	39208	284630	284630	45.6	5.12	94.67	1704	d__Bacteria;p__Bacteroidota;c__Bacteroidia;o__Bacteroidales;f__UBA932;g__DMER64;s__	N/A	N/A	GCA_012839605.1	81.29	0.73	d__Bacteria;p__Bacteroidota;c__Bacteroidia;o__Bacteroidales;f__UBA932;g__DMER64;s__	taxonomic classification defined by topology and ANI	95.35	0.9873976643840924	Genome not assigned to closest species as it falls outside its pre-defined ANI radius	EF559196.1.1483 Bacteria;Bacteroidota;Bacteroidia;Bacteroidales;Rikenellaceae;uncultured;uncultured bacterium	ilmn	2021-09-18	Nanopore-Illumina	MQ	79.67716	1.832056	100.84876	1.8657794	1918421	1031	0.0537421139572596	N	Bacteria	 Bacteroidetes	0	0
bin.0028	1581	879	1	2	2	20	k__Bacteria (UID2328)	97.33	2.67	33.33	1626314	0	426	426	5583	5583	3817	3817	22613	22613	47.7	6.45	90.6	1813	d__Bacteria;p__Firmicutes;c__Bacilli;o__ML615J-28;f__CAG-698;g__UBA3946;s__UBA3946 sp002385755	99.42	0.84	GCA_002385755.1	99.42	0.84	d__Bacteria;p__Firmicutes;c__Bacilli;o__ML615J-28;f__CAG-698;g__UBA3946;s__	taxonomic classification defined by topology and ANI	85.01	N/A	N/A	CU919061.1.1346 Bacteria;Firmicutes;D8A-2;uncultured bacterium	ilmn	2021-09-18	Nanopore-Illumina	HQ	58.592102	1.3472369	72.01561	1.3323439	1614771	13114	0.812127540066053	N	Bacteria	 Firmicutes	0	0
bin.0029	4502	2918	2	5	3	20	k__Bacteria (UID203)	96.55	31.3	11.9	4771487	0	1485	1485	4335	4335	3213	3213	26018	26018	56.7	1.95	89.05	5406	d__Bacteria;p__Firmicutes_G;c__Limnochordia;o__DTU080;f__DTU080;g__DTU080;s__	N/A	N/A	GCA_001513395.1	76.91	0.12	d__Bacteria;p__Firmicutes_G;c__Limnochordia;o__DTU080;f__DTU080;g__;s__	taxonomic classification defined by topology and ANI	68.18	0.8863965066281995	Genome has more than 24.2% of markers with multiple hits	HQ155220.1.1399 Bacteria;Verrucomicrobiota;Kiritimatiellae;WCHB1-41;uncultured prokaryote	ilmn	2021-09-18	Nanopore-Illumina	Contaminated	4.0150757	0.09232059	7.9515753	0.14711022	1441233	27276	1.89254617400517	N	Bacteria	 Firmicutes	0	0
bin.0030	843	368	1	0	0	13	c__Clostridia (UID1118)	68.11	0.43	50	841396	0	167	167	5401	5401	5038	5038	16026	16026	52.7	2.54	89.62	903	d__Bacteria;p__Firmicutes_A;c__Clostridia_A;o__Christensenellales;f__HGM11417;g__JAAYQN01;s__JAAYQN01 sp012519285	99.27	0.95	GCA_012519285.1	99.27	0.95	d__Bacteria;p__Firmicutes_A;c__Clostridia_A;o__Christensenellales;f__HGM11417;g__;s__	taxonomic classification defined by topology and ANI	68.95	N/A	N/A	KP150726.1.1472 Bacteria;Firmicutes;Clostridia;Clostridia vadinBB60 group;uncultured bacterium	ilmn	2021-09-18	Nanopore-Illumina	MQ	6.3773484	0.1466375	7.8400297	0.14504655	240104	1411	0.587662013127645	N	Bacteria	 Firmicutes	0	0
bin.0031	2533	1346	1	3	1	15	k__Bacteria (UID203)	84.25	16.83	9.68	2754682	0	1613	1613	1756	1756	1707	1707	6965	6965	46.5	4.06	87.87	3722	d__Bacteria;p__Firmicutes_B;c__Syntrophomonadia;o__Syntrophomonadales;f__Syntrophomonadaceae;g__DTU018;s__DTU018 sp002305535	98.6	0.7	GCA_002305535.1	98.6	0.7	d__Bacteria;p__Firmicutes_B;c__Syntrophomonadia;o__Syntrophomonadales;f__Syntrophomonadaceae;g__DTU018;s__	taxonomic classification defined by topology and ANI	46.3	N/A	Genome has more than 22.5% of markers with multiple hits	DQ887938.1.1463 Bacteria;Firmicutes;Thermacetogenia;Thermacetogeniales;Thermacetogeniaceae;Syntrophaceticus;uncultured bacterium	ilmn	2021-09-18	Nanopore-Illumina	Contaminated	1.7687123	0.040668868	6.2710986	0.11602013	404488	9522	2.3540871422638	N	Bacteria	 Firmicutes	0	0
bin.0032	3189	1930	1	1	1	20	k__Bacteria (UID1452)	92.25	0.93	0	3960670	0	184	184	31237	31237	21525	21525	86058	86058	65.1	1.34	92.78	3234	d__Bacteria;p__Armatimonadota;c__UBA5377;o__UBA1398;f__UBA1398;g__UBA1398;s__	N/A	N/A	GCA_002305165.1	77.97	0.35	d__Bacteria;p__Armatimonadota;c__UBA5377;o__;f__;g__;s__	taxonomic classification defined by topology and ANI	87.83	0.9076146687883464	N/A	JN536636.1.1396 Bacteria;WS1;uncultured organism	ilmn	2021-09-18	Nanopore-Illumina	HQ	6.5137396	0.1497736	10.787953	0.1995854	2331395	1155	0.0495411545448112	N	Bacteria	 Proteobacteria	0	0
bin.0033	2600	1269	0	0	0	20	p__Firmicutes (UID240)	89.77	6.03	9.09	2744356	0	356	356	10416	10416	7708	7708	36352	36352	38.9	2.78	86.54	2873	d__Bacteria;p__Firmicutes_A;c__Thermosediminibacteria;o__Thermosediminibacterales;f__Tepidanaerobacteraceae;g__DUNY01;s__DUNY01 sp012839145	99.03	0.78	GCA_012839145.1	99.03	0.78	d__Bacteria;p__Firmicutes_A;c__Thermosediminibacteria;o__Thermosediminibacterales;f__Tepidanaerobacteraceae;g__;s__	taxonomic classification defined by topology and ANI	79.65	N/A	N/A	NA	ilmn	2021-09-18	Nanopore-Illumina	MQ	10.354943	0.23809627	11.938037	0.22086282	1853038	42575	2.29757835511198	N	Bacteria	 Firmicutes	0	0
bin.0034	1372	677	0	0	1	17	o__Clostridiales (UID1212)	79.24	0.81	0	1476986	0	598	598	2853	2853	2469	2469	12045	12045	44.3	2.57	89.52	1810	d__Bacteria;p__Firmicutes_A;c__Clostridia;o__Oscillospirales;f__Acutalibacteraceae;g__DTU033;s__	N/A	N/A	GCA_002409375.1	88.8	0.8	d__Bacteria;p__Firmicutes_A;c__Clostridia;o__Oscillospirales;f__Acutalibacteraceae;g__DTU033;s__	taxonomic classification defined by topology and ANI	78.04	0.9805890540346296	Genome not assigned to closest species as it falls outside its pre-defined ANI radius	NA	ilmn	2021-09-18	Nanopore-Illumina	MQ	2.5267494	0.05809878	6.2748675	0.11608985	197192	1529	0.775386425412796	N	Bacteria	 Firmicutes	0	0
bin.0035	2755	1339	1	1	0	21	c__Deltaproteobacteria (UID3216)	88.39	5.38	18.18	2935943	0	175	175	62019	62019	16776	16776	228857	228857	63.5	4.64	87.33	2817	d__Bacteria;p__Desulfobacterota;c__Syntrophia;o__Syntrophales;f__UBA4778;g__UBA2192;s__UBA2192 sp012728915	99.89	0.93	GCA_012728915.1	99.89	0.93	d__Bacteria;p__Desulfobacterota;c__Syntrophia;o__Syntrophales;f__UBA4778;g__UBA2192;s__	taxonomic classification defined by topology and ANI	86.14	N/A	N/A	CU925038.1.1379 Bacteria;Desulfobacterota;Syntrophia;Syntrophales;uncultured;uncultured bacterium	ilmn	2021-09-18	Nanopore-Illumina	MQ	22.51645	0.5177318	30.696154	0.5679024	2900339	3336	0.115021037195997	N	Bacteria	 Proteobacteria	0	0
bin.0036	1262	648	2	1	0	14	k__Bacteria (UID2328)	70.72	2.79	50	1341559	0	237	237	6459	6459	5660	5660	25988	25988	43	3.47	91.6	1375	d__Bacteria;p__Firmicutes;c__Bacilli;o__ML615J-28;f__CAG-313;g__UBA1427;s__UBA1427 sp002329485	99.6	0.86	GCA_002329485.1	99.6	0.86	d__Bacteria;p__Firmicutes;c__Bacilli;o__ML615J-28;f__CAG-313;g__UBA1427;s__	taxonomic classification defined by topology and ANI	67.32	N/A	N/A	CU922124.1.1357 Bacteria;Firmicutes;Bacilli;Izemoplasmatales;uncultured bacterium	ilmn	2021-09-18	Nanopore-Illumina	MQ	9.698187	0.22299516	9.373167	0.17341076	543924	7386	1.35791029629139	N	Bacteria	 Firmicutes	0	0
bin.0037	2793	1720	5	10	5	17	p__Firmicutes (UID239)	76.37	12.49	3.33	2808533	0	1104	1104	2933	2933	2543	2543	16487	16487	57.6	3.04	88.77	3405	d__Bacteria;p__Firmicutes_E;c__DTU015;o__D8A-2;f__D2;g__UBA3951;s__UBA3951 sp012841375	99.5	0.81	GCA_012841375.1	99.5	0.81	d__Bacteria;p__Firmicutes_E;c__DTU015;o__D8A-2;f__D2;g__UBA3951;s__	taxonomic classification defined by topology and ANI	61.66	N/A	Genome has more than 14.2% of markers with multiple hits	CU919771.1.1356 Bacteria;Synergistota;Synergistia;Synergistales;Synergistaceae;JGI-0000079-D21;uncultured bacterium	ilmn	2021-09-18	Nanopore-Illumina	Contaminated	2.8708227	0.06601024	6.9175844	0.1279806	569121	11585	2.03559524248798	N	Bacteria	 Firmicutes	0	0
bin.0038	1589	607	0	0	0	10	o__Clostridiales (UID1125)	92.07	0.85	50	1733567	0	261	261	7657	7657	6642	6642	25546	25546	35	1.98	88.59	1737	d__Bacteria;p__Firmicutes_A;c__Clostridia;o__Tissierellales;f__Peptoniphilaceae;g__;s__	N/A	N/A	N/A	N/A	N/A	d__Bacteria;p__Firmicutes_A;c__Clostridia;o__Tissierellales;f__Peptoniphilaceae;g__;s__	taxonomic classification fully defined by topology	84.04	0.8091367745490226	N/A	NA	ilmn	2021-09-18	Nanopore-Illumina	MQ	7.0783687	0.1627564	10.530725	0.19482645	876399	3324	0.379279300866386	N	Bacteria	 Firmicutes	0	0
bin.0039	1305	570	0	0	0	12	k__Bacteria (UID209)	73.76	2.54	100	1323936	0	271	271	4981	4981	4885	4885	27352	27352	57.8	2.45	93.24	1474	d__Bacteria;p__Synergistota;c__Synergistia;o__Synergistales;f__Aminobacteriaceae;g__Aminivibrio;s__	N/A	N/A	GCA_012519165.1	81.22	0.64	d__Bacteria;p__Synergistota;c__Synergistia;o__Synergistales;f__Aminobacteriaceae;g__Aminivibrio;s__	taxonomic classification defined by topology and ANI	61.05	0.9660364249273834	N/A	NA	ilmn	2021-09-18	Nanopore-Illumina	MQ	7.029408	0.1616306	12.048198	0.22290088	924214	14539	1.57312051105047	N	Bacteria	 Synergistetes	0	0
bin.0040	1734	817	0	0	0	18	p__Firmicutes (UID239)	88.12	0	0	1865861	0	94	94	46797	46797	19849	19849	141603	141603	54.1	1.44	90.92	1802	d__Bacteria;p__Firmicutes_E;c__DTU015;o__D8A-2;f__D2;g__;s__	N/A	N/A	N/A	N/A	N/A	d__Bacteria;p__Firmicutes_E;c__DTU015;o__D8A-2;f__D2;g__;s__	taxonomic classification fully defined by topology	89.78	0.7891306028143882	N/A	NA	ilmn	2021-09-18	Nanopore-Illumina	MQ	10.266883	0.23607147	15.452162	0.2858768	1616635	5412	0.334769443937562	N	Bacteria	 Firmicutes	0	0
bin.0041	1270	797	1	0	1	15	p__Euryarchaeota (UID3)	64.84	0.81	100	1131462	0	297	297	3976	3976	3809	3809	12568	12568	59.1	2.24	89.32	1391	d__Archaea;p__Thermoplasmatota;c__Thermoplasmata;o__Methanomassiliicoccales;f__Methanomassiliicoccaceae;g__DTU008;s__DTU008 sp001512965	99.77	0.99	GCA_001512965.1	99.77	0.99	d__Archaea;p__Thermoplasmatota;c__Thermoplasmata;o__Methanomassiliicoccales;f__Methanomassiliicoccaceae;g__DTU008;s__	taxonomic classification defined by topology and ANI	58.43	N/A	N/A	LFRW01000036.25222.26657 Archaea;Thermoplasmatota;Thermoplasmata;Methanomassiliicoccales;Methanomassiliicoccaceae;Methanomassiliicoccus;Methanomicrobia archaeon DTU008	ilmn	2021-09-18	Nanopore-Illumina	MQ	5.4028134	0.12422953	6.5925117	0.12196651	181618	580	0.319351606118336	N	Archaea	 Euryarchaeota	0	0
bin.0042	1158	419	1	1	1	19	k__Bacteria (UID2565)	88.65	1.08	0	1208213	0	6	6	996528	996528	201368	201368	996528	996528	39.2	1.57	95.65	1145	d__Bacteria;p__Omnitrophota;c__Koll11;o__GIF10;f__UBA6249;g__GCA-002774445;s__	N/A	N/A	GCA_002774445.1	76.32	0.15	d__Bacteria;p__Omnitrophota;c__Koll11;o__GIF10;f__UBA6249;g__;s__	taxonomic classification defined by topology and ANI	78.64	0.8952394219292429	N/A	AF407201.1.1446 Bacteria;Verrucomicrobiota;Omnitrophia;Omnitrophales;Omnitrophaceae;Candidatus Omnitrophus;uncultured bacterium	ilmn	2021-09-18	Nanopore-Illumina	MQ	187.8433	4.319173	130.43074	2.4130685	1208213	51	0.00422111001950815	N	Bacteria	 Spirochaetes	0	0
bin.0043	2228	1135	0	0	2	14	p__Firmicutes (UID239)	81.65	7.38	58.33	2073830	0	859	859	2859	2859	2414	2414	11664	11664	56.6	2.23	91.57	2719	d__Bacteria;p__Firmicutes_G;c__Limnochordia;o__JAAZLZ01;f__JAAZLZ01;g__JAAZLZ01;s__JAAZLZ01 sp012799075	97.28	0.8	GCA_012799075.1	97.28	0.8	d__Bacteria;p__Firmicutes_G;c__Limnochordia;o__JAAZLZ01;f__JAAZLZ01;g__JAAZLZ01;s__	taxonomic classification defined by topology and ANI	70.06	N/A	N/A	NA	ilmn	2021-09-18	Nanopore-Illumina	MQ	3.4093764	0.07839346	8.17914	0.15132037	676640	12718	1.87958146133838	N	Bacteria	 Firmicutes	0	0
bin.0044	2155	1315	2	1	1	19	k__Bacteria (UID1452)	90	7.86	35.71	2354051	0	569	569	6209	6209	4137	4137	39338	39338	47.9	3.38	90.7	2540	d__Bacteria;p__Chloroflexota;c__Anaerolineae;o__Anaerolineales;f__Anaerolineaceae;g__T78;s__T78 sp012839565	96.38	0.74	GCA_012839565.1	96.38	0.74	d__Bacteria;p__Chloroflexota;c__Anaerolineae;o__Anaerolineales;f__Anaerolineaceae;g__T78;s__	taxonomic classification defined by topology and ANI	70.97	N/A	Genome has more than 10.0% of markers with multiple hits	JX542548.1.1459 Bacteria;Chloroflexi;Anaerolineae;Anaerolineales;Anaerolineaceae;uncultured;uncultured bacterium	ilmn	2021-09-18	Nanopore-Illumina	MQ	11.601054	0.2667487	18.720518	0.3463439	2090514	19916	0.952684363749776	N	Bacteria	 Chloroflexi	0	0
bin.0045	2568	1552	0	0	0	19	o__Clostridiales (UID1120)	70.29	8.92	45.45	2797661	0	899	899	3897	3897	3111	3111	28702	28702	33.9	3.96	87.79	3238	d__Bacteria;p__Firmicutes_A;c__Clostridia;o__Tissierellales;f__Sedimentibacteraceae;g__Sedimentibacter;s__	N/A	N/A	GCA_003483345.1	95.63	0.33	d__Bacteria;p__Firmicutes_A;c__Clostridia;o__Tissierellales;f__Sedimentibacteraceae;g__Sedimentibacter;s__	taxonomic classification defined by topology and ANI	50.47	0.9926954316682224	Genome has more than 10.8% of markers with multiple hits	NA	ilmn	2021-09-18	Nanopore-Illumina	MQ	9.204894	0.21165262	15.058033	0.27858514	2089459	27154	1.29957084585053	N	Bacteria	 Firmicutes	4	0
bin.0046	1017	515	1	1	1	19	k__Bacteria (UID2329)	97.09	3.42	50	1107087	0	183	183	9381	9381	6049	6049	39395	39395	36.1	4.66	90.47	1153	d__Bacteria;p__Firmicutes;c__Bacilli;o__RFN20;f__CAG-826;g__UBA1361;s__UBA1361 sp002306335	99.33	0.88	GCA_002306335.1	99.33	0.88	d__Bacteria;p__Firmicutes;c__Bacilli;o__RFN20;f__CAG-826;g__UBA1361;s__	taxonomic classification defined by topology and ANI	79.57	N/A	N/A	MWCB01000006.811.2332 Bacteria;Firmicutes;Bacilli;Erysipelotrichales;Erysipelatoclostridiaceae;UCG-004;Tenericutes bacterium ADurb.Bin239	ilmn	2021-09-18	Nanopore-Illumina	HQ	478.63754	11.005548	391.88715	7.250212	1101301	5461	0.495868068765941	N	Bacteria	 Firmicutes	0	0
bin.0047	518	253	1	1	1	20	k__Bacteria (UID203)	76.25	0	0	560537	0	17	17	48381	48381	32972	32972	112806	112806	34.2	0.78	92.91	533	d__Bacteria;p__Patescibacteria;c__Dojkabacteria;o__SC72;f__SC72;g__UBA3081;s__UBA3081 sp012800885	98.84	0.79	GCA_012800885.1	98.84	0.79	d__Bacteria;p__Patescibacteria;c__Dojkabacteria;o__SC72;f__SC72;g__UBA3081;s__	taxonomic classification defined by topology and ANI	65.71	N/A	N/A	EU542449.1.1528 Bacteria;Patescibacteria;Dojkabacteria;uncultured bacterium	ilmn	2021-09-18	Nanopore-Illumina	MQ	16.256195	0.37378666	16.39963	0.3034057	504067	917	0.181920260600277	N	Bacteria	 Firmicutes	0	0
bin.0048	1204	461	0	0	0	17	p__Firmicutes (UID239)	80.39	0.52	100	1337532	0	191	191	8372	8372	7002	7002	25389	25389	45.3	1.36	90.44	1372	d__Bacteria;p__Firmicutes_E;c__DTU015;o__D8A-2;f__D2;g__UBA3907;s__UBA3907 sp002391545	98.84	0.84	GCA_002391545.1	98.84	0.84	d__Bacteria;p__Firmicutes_E;c__DTU015;o__D8A-2;f__D2;g__;s__	taxonomic classification defined by topology and ANI	82.59	N/A	N/A	NA	ilmn	2021-09-18	Nanopore-Illumina	MQ	5.084361	0.11690721	9.071449	0.16782875	544457	4280	0.786104320451386	N	Bacteria	 Firmicutes	0	0
bin.0049	2670	1215	1	2	4	21	p__Firmicutes (UID241)	97.46	4.7	16.67	2905541	0	527	527	9300	9300	5513	5513	50337	50337	49.6	1.68	88.66	3049	d__Bacteria;p__Firmicutes_G;c__Limnochordia;o__DTU087;f__DTU087;g__JAAZMF01;s__	N/A	N/A	GCA_012798955.1	84.31	0.7	d__Bacteria;p__Firmicutes_G;c__Limnochordia;o__DTU087;f__DTU087;g__JAAZMF01;s__	taxonomic classification defined by topology and ANI	90.33	0.9640168309529372	Genome not assigned to closest species as it falls outside its pre-defined ANI radius	EF559158.1.1485 Bacteria;Bacteroidota;Bacteroidia;Bacteroidales;M2PB4-65 termite group;uncultured bacterium	ilmn	2021-09-18	Nanopore-Illumina	HQ	6.078185	0.13975869	9.757667	0.1805243	1399626	10500	0.750200410681139	N	Bacteria	 Firmicutes	0	0
bin.0050	1759	742	0	0	0	15	p__Firmicutes (UID239)	88.12	2.97	0	1939877	0	90	90	31790	31790	21554	21554	174512	174512	48.3	0.92	88.9	1803	d__Bacteria;p__Firmicutes_E;c__DTU015;o__D8A-2;f__D2;g__;s__	N/A	N/A	N/A	N/A	N/A	d__Bacteria;p__Firmicutes_E;c__DTU015;o__D8A-2;f__D2;g__;s__	taxonomic novelty determined using RED	86.76	0.8820799304057224	N/A	NA	ilmn	2021-09-18	Nanopore-Illumina	MQ	17.324184	0.39834344	26.289867	0.48638266	1922652	8349	0.434243950543312	N	Bacteria	 Firmicutes	0	0
bin.0051	2274	1138	0	0	0	19	p__Firmicutes (UID1022)	88.77	7.26	14.29	2414159	0	736	736	4181	4181	3280	3280	19347	19347	51.1	3.57	84.91	2727	d__Bacteria;p__Firmicutes_B;c__Desulfotomaculia;o__Desulfotomaculales;f__Pelotomaculaceae;g__DTU098;s__DTU098 sp002305915	99.15	0.83	GCA_002305915.1	99.15	0.83	d__Bacteria;p__Firmicutes_B;c__Desulfotomaculia;o__Desulfotomaculales;f__Pelotomaculaceae;g__DTU098;s__	taxonomic classification defined by topology and ANI	76.91	N/A	N/A	NA	ilmn	2021-09-18	Nanopore-Illumina	MQ	3.2590628	0.07493722	7.4707556	0.13821469	593272	4428	0.746369287611753	N	Bacteria	 Firmicutes	0	0
bin.0052	2454	1617	0	1	0	16	k__Bacteria (UID2982)	67.37	2.36	0	2920492	0	552	552	5906	5906	5290	5290	23549	23549	60.1	3.52	90.15	2571	d__Bacteria;p__Verrucomicrobiota;c__Kiritimatiellae;o__RFP12;f__UBA1067;g__DUPH01;s__DUPH01 sp012838435	99.36	0.88	GCA_012838435.1	99.36	0.88	d__Bacteria;p__Verrucomicrobiota;c__Kiritimatiellae;o__RFP12;f__UBA1067;g__DUPH01;s__	taxonomic classification defined by topology and ANI	65.54	N/A	N/A	NA	ilmn	2021-09-18	Nanopore-Illumina	MQ	6.0761604	0.13971214	8.387243	0.15517041	946926	7085	0.748210525426485	N	Bacteria	 Proteobacteria	0	0
bin.0053	2948	1777	0	1	1	20	p__Bacteroidetes (UID2605)	93.65	3.84	20	3500051	0	777	777	6757	6757	4504	4504	44548	44548	45.8	3.51	91.34	3358	d__Bacteria;p__Bacteroidota;c__Bacteroidia;o__Bacteroidales;f__VadinHA17;g__LD21;s__	N/A	N/A	GCA_012522155.1	83.53	0.67	d__Bacteria;p__Bacteroidota;c__Bacteroidia;o__Bacteroidales;f__VadinHA17;g__LD21;s__	taxonomic classification defined by topology and ANI	93.45	0.9848740541571518	Genome not assigned to closest species as it falls outside its pre-defined ANI radius	NA	ilmn	2021-09-18	Nanopore-Illumina	MQ	27.333296	0.6284878	54.874	1.015211	3487984	41113	1.17870380139358	N	Bacteria	 Bacteroidetes	0	0
bin.0054	1622	964	0	1	1	13	k__Bacteria (UID2495)	74.95	4.95	62.5	1799947	0	402	402	5210	5210	4477	4477	15030	15030	51.4	2.51	90.76	1691	d__Bacteria;p__Cloacimonadota;c__Cloacimonadia;o__Cloacimonadales;f__Cloacimonadaceae;g__UBA3900;s__UBA3900 sp002391675	97.21	0.86	GCA_002391675.1	97.21	0.86	d__Bacteria;p__Cloacimonadota;c__Cloacimonadia;o__Cloacimonadales;f__Cloacimonadaceae;g__UBA3900;s__	taxonomic classification defined by topology and ANI	58.84	N/A	N/A	NA	ilmn	2021-09-18	Nanopore-Illumina	MQ	4.6755996	0.10750835	7.584994	0.1403282	529111	18157	3.4316050885353	N	Bacteria	 Candidatus Cloacimonetes	0	0
bin.0055	1859	948	0	0	2	18	o__Clostridiales (UID1120)	89.98	1.28	33.33	2124029	0	160	160	19380	19380	13275	13275	79440	79440	39.9	3.26	92.15	1977	d__Bacteria;p__Firmicutes_A;c__Clostridia;o__DUPQ01;f__DUPQ01;g__DUPQ01;s__DUPQ01 sp012838235	99.86	0.94	GCA_012838235.1	99.86	0.94	d__Bacteria;p__Firmicutes_A;c__Clostridia;o__DUPQ01;f__DUPQ01;g__DUPQ01;s__	taxonomic classification defined by topology and ANI	88.21	N/A	N/A	NA	ilmn	2021-09-18	Nanopore-Illumina	MQ	10.793326	0.24817623	12.328339	0.2280837	1341267	1400	0.104378919335226	N	Bacteria	 Firmicutes	0	0
bin.0056	2140	1052	0	3	3	13	p__Firmicutes (UID241)	79.92	6.56	35.29	2412228	0	946	946	2976	2976	2549	2549	14109	14109	48.7	1.72	88.71	2888	d__Bacteria;p__Firmicutes_G;c__Limnochordia;o__DTU087;f__DTU087;g__JAAZLW01;s__	N/A	N/A	GCA_012799135.1	83.51	0.76	d__Bacteria;p__Firmicutes_G;c__Limnochordia;o__DTU087;f__DTU087;g__;s__	taxonomic classification defined by topology and ANI	67.3	0.943264541504859	Genome not assigned to closest species as it falls outside its pre-defined ANI radius	NA	ilmn	2021-09-18	Nanopore-Illumina	MQ	3.9284637	0.09032909	7.400346	0.13691206	675211	23711	3.51164302714263	N	Bacteria	 Firmicutes	0	0
bin.0057	1928	872	1	2	3	20	k__Bacteria (UID209)	96.61	6.78	60	2020009	0	552	552	5497	5497	3659	3659	88974	88974	45	4.25	90.5	2387	d__Bacteria;p__Synergistota;c__Synergistia;o__Synergistales;f__Acetomicrobiaceae;g__Acetomicrobium;s__Acetomicrobium sp012518015	99.25	0.82	GCA_012518015.1	99.25	0.82	d__Bacteria;p__Synergistota;c__Synergistia;o__Synergistales;f__Acetomicrobiaceae;g__Acetomicrobium;s__	taxonomic classification defined by topology and ANI	81.26	N/A	N/A	HQ156057.1.1364 Bacteria;Firmicutes;Dethiobacteria;Dethiobacterales;Dethiobacteraceae;uncultured;uncultured prokaryote	ilmn	2021-09-18	Nanopore-Illumina	MQ	8.016867	0.18433572	15.000279	0.27751663	1562910	17647	1.12911172108439	N	Bacteria	 Synergistetes	0	0
bin.0058	1698	898	3	0	1	19	o__Clostridiales (UID1120)	84.73	3.38	55.56	1927707	0	254	254	16706	16706	7589	7589	228708	228708	50	4.43	89.39	1843	d__Bacteria;p__Firmicutes_A;c__Clostridia;o__Saccharofermentanales;f__DTU023;g__UBA4923;s__UBA4923 sp012799695	99.13	0.75	GCA_012799695.1	99.13	0.75	d__Bacteria;p__Firmicutes_A;c__Clostridia;o__Saccharofermentanales;f__DTU023;g__UBA4923;s__	taxonomic classification defined by topology and ANI	81.16	N/A	N/A	JF417903.1.1492 Bacteria;Firmicutes;Bacilli;Izemoplasmatales;uncultured bacterium	ilmn	2021-09-18	Nanopore-Illumina	MQ	247.29102	5.6860833	451.21994	8.347914	1923482	7809	0.405982483849602	N	Bacteria	 Firmicutes	0	0
bin.0059	1524	739	1	0	0	19	k__Bacteria (UID2569)	97.85	0.54	0	1780161	0	46	46	65201	65201	38699	38699	129345	129345	40.6	1.53	92.67	1537	d__Bacteria;p__Bacteroidota;c__Bacteroidia;o__Bacteroidales;f__Paludibacteraceae;g__W0P28-013;s__W0P28-013 sp012837685	99.57	0.95	GCA_012837685.1	99.57	0.95	d__Bacteria;p__Bacteroidota;c__Bacteroidia;o__Bacteroidales;f__Paludibacteraceae;g__W0P28-013;s__	taxonomic classification defined by topology and ANI	96.21	N/A	N/A	FPLM01004737.14.1519 Bacteria;Bacteroidota;Bacteroidia;Bacteroidales;Paludibacteraceae;uncultured;metagenome	ilmn	2021-09-18	Nanopore-Illumina	MQ	35.08462	0.8067179	31.078764	0.5749809	1771540	1495	0.0843898528963501	N	Bacteria	 Bacteroidetes	0	0
bin.0060	2496	1135	0	0	0	18	c__Deltaproteobacteria (UID3216)	84.35	3.57	42.86	2631229	0	282	282	12470	12470	9330	9330	97555	97555	43.9	1.95	88.14	2718	d__Bacteria;p__Desulfobacterota_G;c__Syntrophorhabdia;o__Syntrophorhabdales;f__Syntrophorhabdaceae;g__Syntrophorhabdus;s__Syntrophorhabdus sp002067585	98.72	0.86	GCA_002067585.1	98.72	0.86	d__Bacteria;p__Desulfobacterota_G;c__Syntrophorhabdia;o__Syntrophorhabdales;f__Syntrophorhabdaceae;g__Syntrophorhabdus;s__	taxonomic classification defined by topology and ANI	83.07	N/A	N/A	NA	ilmn	2021-09-18	Nanopore-Illumina	MQ	12.337967	0.2836929	19.810556	0.36651045	2503751	14963	0.597623325961727	N	Bacteria	 Proteobacteria	0	0
bin.0061	1427	614	0	0	1	16	k__Bacteria (UID2328)	95.33	0	0	1562730	0	98	98	24197	24197	15946	15946	80265	80265	36.7	1.67	92.45	1492	d__Bacteria;p__Firmicutes;c__Bacilli;o__ML615J-28;f__CAG-698;g__DTU067;s__DTU067 sp012841865	98.9	0.85	GCA_012841865.1	98.9	0.85	d__Bacteria;p__Firmicutes;c__Bacilli;o__ML615J-28;f__CAG-698;g__DTU067;s__	taxonomic classification defined by topology and ANI	89.22	N/A	N/A	NA	ilmn	2021-09-18	Nanopore-Illumina	MQ	20.87631	0.4800192	15.822711	0.29273227	1313597	2991	0.227695404298274	N	Bacteria	 Firmicutes	0	0
bin.0062	1418	765	1	1	2	19	k__Bacteria (UID2328)	98	4.78	100	1590516	0	210	210	17134	17134	7573	7573	90456	90456	31.4	3.33	91.61	1561	d__Bacteria;p__Firmicutes;c__Bacilli;o__Acholeplasmatales;f__Acholeplasmataceae;g__DUQW01;s__DUQW01 sp012515785	98.17	0.79	GCA_012515785.1	98.17	0.79	d__Bacteria;p__Firmicutes;c__Bacilli;o__Acholeplasmatales;f__Acholeplasmataceae;g__DUQW01;s__	taxonomic classification defined by topology and ANI	84.47	N/A	N/A	GQ136818.1.1379 Bacteria;Firmicutes;Bacilli;Acholeplasmatales;Acholeplasmataceae;Acholeplasma;uncultured bacterium	ilmn	2021-09-18	Nanopore-Illumina	HQ	59.2082	1.361403	40.553627	0.75027317	1559420	5166	0.331277013248515	N	Bacteria	 Tenericutes	0	0
bin.0063	3040	2027	4	2	2	20	k__Bacteria (UID2569)	78.09	8.82	6.25	3431360	0	1409	1409	2796	2796	2435	2435	14645	14645	46.7	2.35	91.9	3928	d__Bacteria;p__Bacteroidota;c__Bacteroidia;o__Bacteroidales;f__UBA1402;g__UBA1402;s__UBA1402 sp002305085	97.54	0.71	GCA_002305085.1	97.54	0.71	d__Bacteria;p__Bacteroidota;c__Bacteroidia;o__Bacteroidales;f__UBA1402;g__UBA1402;s__	taxonomic classification defined by topology and ANI	53.98	N/A	Genome has more than 14.2% of markers with multiple hits	HQ156039.1.1391 Bacteria;Bacteroidota;Bacteroidia;Bacteroidales;Dysgonomonadaceae;uncultured;uncultured prokaryote	ilmn	2021-09-18	Nanopore-Illumina	MQ	4.1348643	0.09507496	7.693074	0.14232776	867488	19664	2.26677487181379	N	Bacteria	 Bacteroidetes	0	0
bin.0064	2303	1011	0	0	2	20	o__Actinomycetales (UID1697)	93.52	0.39	0	2584423	0	70	70	76817	76817	36920	36920	344254	344254	66.4	2.96	91.24	2331	d__Bacteria;p__Actinobacteriota;c__Actinomycetia;o__Propionibacteriales;f__Propionibacteriaceae;g__Brevilactibacter;s__	N/A	N/A	N/A	N/A	N/A	d__Bacteria;p__Actinobacteriota;c__Actinomycetia;o__Propionibacteriales;f__Propionibacteriaceae;g__;s__	taxonomic novelty determined using RED	97.48	0.9245746539075399	N/A	NA	ilmn	2021-09-18	Nanopore-Illumina	MQ	13.369761	0.30741748	19.816576	0.36662182	2373895	1384	0.0583008094292292	N	Bacteria	 Actinobacteria	0	0
bin.0065	1586	938	1	1	1	20	p__Euryarchaeota (UID4)	91.97	3.98	20	1475212	0	78	78	36860	36860	18912	18912	110194	110194	34	2.07	90.68	1640	d__Archaea;p__Methanobacteriota;c__Thermococci;o__Methanofastidiosales;f__Methanofastidiosaceae;g__Methanofastidiosum;s__Methanofastidiosum sp012799835	98.0	0.77	GCA_012799835.1	98.0	0.77	d__Archaea;p__Methanobacteriota;c__Thermococci;o__Methanofastidiosales;f__Methanofastidiosaceae;g__Methanofastidiosum;s__	taxonomic classification defined by topology and ANI	93.52	N/A	N/A	CU916116.1.1312 Archaea;Euryarchaeota;Thermococci;Methanofastidiosales;Methanofastidiosaceae;Candidatus Methanofastidiosum;uncultured archaeon	ilmn	2021-09-18	Nanopore-Illumina	HQ	14.869216	0.34189513	16.578472	0.30671445	1277501	2797	0.218943077148276	N	Bacteria	 Euryarchaeota	0	0
bin.0066	2843	1371	0	0	0	15	c__Deltaproteobacteria (UID3216)	92.3	2.47	40	2985157	0	292	292	16243	16243	10223	10223	47992	47992	58	2.36	87.82	2926	d__Bacteria;p__Desulfobacterota;c__Desulfomonilia;o__UBA1062;f__UBA1062;g__UBA1062;s__UBA1062 sp001896555	99.62	0.96	GCA_001896555.1	99.62	0.96	d__Bacteria;p__Desulfobacterota;c__Desulfomonilia;o__UBA1062;f__UBA1062;g__UBA1062;s__	taxonomic classification defined by topology and ANI	87.41	N/A	N/A	NA	ilmn	2021-09-18	Nanopore-Illumina	MQ	8.777051	0.20181504	11.91477	0.22043239	2000450	8464	0.423104801419681	N	Bacteria	 Proteobacteria	0	0
bin.0067	1789	841	0	0	1	18	p__Firmicutes (UID240)	83.73	9.73	55	1982696	0	294	294	8267	8267	6743	6743	36190	36190	54.2	1.7	87.72	1937	d__Bacteria;p__Firmicutes_G;c__SHA-98;o__DTUO25;f__DTU025;g__UBA10085;s__UBA10085 sp012842765	99.06	0.72	GCA_012842765.1	99.06	0.72	d__Bacteria;p__Firmicutes_G;c__SHA-98;o__DTUO25;f__DTU025;g__UBA10085;s__	taxonomic classification defined by topology and ANI	72.4	N/A	N/A	NA	ilmn	2021-09-18	Nanopore-Illumina	MQ	23.622023	0.5431527	41.78846	0.77311844	1967308	18345	0.932492522777318	N	Bacteria	 Firmicutes	0	0
bin.0068	2432	1603	0	0	0	17	k__Bacteria (UID2565)	81.88	7.01	0	2517170	0	1220	1220	2257	2257	2063	2063	8998	8998	53.8	3.34	90.06	2965	d__Bacteria;p__Planctomycetota;c__Phycisphaerae;o__Sedimentisphaerales;f__Anaerohalophaeraceae;g__T3Sed10-213;s__T3Sed10-213 sp012519365	97.82	0.75	GCA_012519365.1	97.82	0.75	d__Bacteria;p__Planctomycetota;c__Phycisphaerae;o__Sedimentisphaerales;f__Anaerohalophaeraceae;g__T3Sed10-213;s__	taxonomic classification defined by topology and ANI	54.75	N/A	N/A	NA	ilmn	2021-09-18	Nanopore-Illumina	MQ	2.3059354	0.053021498	5.6651073	0.104808815	221313	3489	1.57650025077605	N	Bacteria	 Planctomycetes	0	0
bin.0069	3605	2014	0	2	4	18	p__Firmicutes (UID241)	87.91	24.88	47.14	3982291	0	1712	1712	2598	2598	2326	2326	25030	25030	49.8	1.72	88.09	4938	d__Bacteria;p__Firmicutes_G;c__Limnochordia;o__DTU087;f__DTU087;g__JAAYSL01;s__	N/A	N/A	GCA_012518315.1	89.68	0.64	d__Bacteria;p__Firmicutes_G;c__Limnochordia;o__DTU087;f__DTU087;g__;s__	taxonomic classification defined by topology and ANI	61.9	0.9627455844278227	Genome has more than 17.5% of markers with multiple hits	NA	ilmn	2021-09-18	Nanopore-Illumina	Contaminated	3.6639786	0.08424765	7.8458686	0.14515458	1199907	52672	4.38967353303214	N	Bacteria	 Firmicutes	0	0
bin.0070	1881	910	0	0	2	18	o__Clostridiales (UID1212)	92.45	1.01	50	2206205	0	67	67	55578	55578	32928	32928	126842	126842	52.6	3.46	88.13	1934	d__Bacteria;p__Firmicutes_A;c__Clostridia;o__Oscillospirales;f__CAG-272;g__DTU078;s__DTU078 sp002385415	99.81	0.94	GCA_002385415.1	99.81	0.94	d__Bacteria;p__Firmicutes_A;c__Clostridia;o__Oscillospirales;f__CAG-272;g__DTU078;s__	taxonomic classification defined by topology and ANI	94.92	N/A	N/A	NA	ilmn	2021-09-18	Nanopore-Illumina	MQ	11.557028	0.2657364	15.369262	0.2843431	1890215	7634	0.403869401099875	N	Bacteria	 Firmicutes	0	0
bin.0071	522	278	0	1	0	16	k__Bacteria (UID2495)	54.78	2.25	100	579273	0	132	132	4777	4777	4388	4388	17472	17472	42.6	2.62	86.45	623	d__Bacteria;p__Patescibacteria;c__Microgenomatia;o__0-14-0-10-38-17;f__0-14-0-10-38-17;g__;s__	N/A	N/A	GCA_002774085.1	76.04	0.1	d__Bacteria;p__Patescibacteria;c__Microgenomatia;o__;f__;g__;s__	taxonomic classification defined by topology and ANI	42.58	0.8012769835062941	N/A	NA	ilmn	2021-09-18	Nanopore-Illumina	MQ	6.4233127	0.14769438	11.804724	0.21839643	368743	9383	2.54459067697556	N	Bacteria	 Proteobacteria	0	0
bin.0072	2156	1071	1	1	1	21	k__Bacteria (UID1452)	90.91	3.21	20	2527976	0	140	140	32809	32809	18056	18056	91332	91332	49.2	4.29	89.07	2268	d__Bacteria;p__Chloroflexota;c__Anaerolineae;o__Anaerolineales;f__Anaerolineaceae;g__Brevefilum;s__Brevefilum fermentans	99.93	1.0	GCF_900184705.1	99.93	1.0	d__Bacteria;p__Chloroflexota;c__Anaerolineae;o__Anaerolineales;f__Anaerolineaceae;g__Brevefilum;s__	taxonomic classification defined by topology and ANI	88.19	N/A	N/A	LT859958.676029.677531 Bacteria;Chloroflexi;Anaerolineae;Anaerolineales;Anaerolineaceae;ADurb.Bin120;Brevefilum fermentans	ilmn	2021-09-18	Nanopore-Illumina	HQ	105.26847	2.4204895	150.8699	2.7912085	2521463	10641	0.422016900505778	N	Bacteria	 Chloroflexi	0	0
bin.0073	538	277	1	2	1	15	k__Bacteria (UID203)	72.7	0.86	100	502409	0	119	119	6500	6500	4221	4221	29312	29312	32.2	3.87	92.83	647	d__Bacteria;p__Patescibacteria;c__Paceibacteria;o__Paceibacterales;f__UBA5633;g__JAAZMU01;s__JAAZMU01 sp012798645	98.71	0.7	GCA_012798645.1	98.71	0.7	d__Bacteria;p__Patescibacteria;c__Paceibacteria;o__Paceibacterales;f__UBA5633;g__;s__	taxonomic classification defined by topology and ANI	51	N/A	N/A	CR933068.6.1306 Bacteria;Patescibacteria;Parcubacteria;32-520;uncultured bacterium	ilmn	2021-09-18	Nanopore-Illumina	MQ	19.72987	0.45365855	23.292107	0.43092182	470276	4074	0.866299789910606	N	Bacteria	 Proteobacteria	0	0
bin.0074	1391	661	0	0	2	16	p__Firmicutes (UID239)	63.04	0	0	1522599	0	156	156	14580	14580	9760	9760	51375	51375	48.9	1.33	88.45	1491	d__Bacteria;p__Firmicutes_E;c__DTU015;o__D8A-2;f__D2;g__;s__	N/A	N/A	N/A	N/A	N/A	d__Bacteria;p__Firmicutes_E;c__DTU015;o__D8A-2;f__D2;g__;s__	taxonomic classification fully defined by topology	71.53	0.8460688380378759	N/A	NA	ilmn	2021-09-18	Nanopore-Illumina	MQ	40.507187	0.9314015	69.103874	1.2784746	1516201	7169	0.47282649200205	N	Bacteria	 Firmicutes	0	0
bin.0075	1058	725	1	1	1	19	k__Bacteria (UID203)	64.89	13.95	64.29	1064307	0	411	411	3224	3224	2589	2589	20992	20992	33.7	2.2	92.29	1363	d__Bacteria;p__Patescibacteria;c__Dojkabacteria;o__SC72;f__SC72;g__UBA5232;s__	N/A	N/A	GCA_012513575.1	78.51	0.26	d__Bacteria;p__Patescibacteria;c__Dojkabacteria;o__SC72;f__SC72;g__UBA5232;s__	taxonomic classification defined by topology and ANI	47.81	0.9400187372859441	N/A	GU112185.1.1514 Bacteria;Patescibacteria;Dojkabacteria;uncultured bacterium	ilmn	2021-09-18	Nanopore-Illumina	Contaminated	5.5295033	0.12714258	8.817359	0.16312788	413536	7792	1.88423740617504	N	Bacteria	 Firmicutes	0	0
bin.0076	1776	969	3	5	3	20	p__Bacteroidetes (UID2605)	77.35	4.61	14.29	2011146	0	253	253	36351	36351	7949	7949	265694	265694	45.2	4.81	91.58	1917	d__Bacteria;p__Bacteroidota;c__Bacteroidia;o__Bacteroidales;f__UBA932;g__Bact-11;s__Bact-11 sp002376715	95.53	0.68	GCA_002376715.1	95.53	0.68	d__Bacteria;p__Bacteroidota;c__Bacteroidia;o__Bacteroidales;f__UBA932;g__Bact-11;s__	taxonomic classification defined by topology and ANI	75.04	N/A	N/A	CZCB01000884.131.1652 Bacteria;Firmicutes;Incertae Sedis;DTU014;anaerobic digester metagenome	ilmn	2021-09-18	Nanopore-Illumina	MQ	165.58554	3.8073893	234.42175	4.336982	2004863	6115	0.305008372143134	N	Bacteria	 Bacteroidetes	0	0
bin.0077	1429	734	0	0	0	18	k__Bacteria (UID209)	62.1	8.22	0	1644851	0	699	699	2693	2693	2353	2353	12693	12693	35.3	2.1	86.79	2001	d__Bacteria;p__Caldatribacteriota;c__JS1;o__SB-45;f__UBA6794;g__UBA6794;s__	N/A	N/A	GCA_012520575.1	76.63	0.11	d__Bacteria;p__Caldatribacteriota;c__JS1;o__SB-45;f__UBA6794;g__UBA6794;s__	taxonomic classification defined by topology and ANI	52.67	0.8767236580928968	N/A	NA	ilmn	2021-09-18	Nanopore-Illumina	MQ	3.9759824	0.09142171	7.370179	0.13635395	463563	17581	3.79258051224968	N	Bacteria	 Firmicutes	0	0
bin.0078	1992	1106	0	0	1	13	o__Clostridiales (UID1120)	79.5	19.83	71.79	1873388	0	1035	1035	1868	1868	1810	1810	8070	8070	50.8	2.84	90.28	2590	d__Bacteria;p__Firmicutes_A;c__Ch29;o__Ch29;f__Ch29;g__JAAYEV01;s__	N/A	N/A	GCA_012728565.1	93.14	0.85	d__Bacteria;p__Firmicutes_A;c__Ch29;o__Ch29;f__Ch29;g__JAAYEV01;s__	taxonomic classification defined by topology and ANI	53.6	0.9772055634159397	Genome has more than 12.5% of markers with multiple hits	NA	ilmn	2021-09-18	Nanopore-Illumina	Contaminated	2.6976879	0.062029257	7.40157	0.13693471	510247	24091	4.72143883256541	N	Bacteria	 Firmicutes	0	0
bin.0079	2356	1059	1	0	0	20	c__Deltaproteobacteria (UID3216)	93.55	1.29	0	2628529	0	92	92	57885	57885	28570	28570	313492	313492	51.2	1.83	87.67	2437	d__Bacteria;p__Desulfobacterota;c__Syntrophia;o__Syntrophales;f__Smithellaceae;g__UBA8904;s__	N/A	N/A	GCA_012522275.1	80.76	0.64	d__Bacteria;p__Desulfobacterota;c__Syntrophia;o__Syntrophales;f__Smithellaceae;g__UBA8904;s__	taxonomic classification defined by topology and ANI	90.47	0.9864566043510478	N/A	FPLM01005714.1.1420 Bacteria;Desulfobacterota;Syntrophia;Syntrophales;Smithellaceae;Smithella;metagenome	ilmn	2021-09-18	Nanopore-Illumina	MQ	178.88689	4.113234	200.02827	3.700676	2624142	3577	0.13631122096289	N	Bacteria	 Proteobacteria	0	0
bin.0080	2005	1009	2	1	1	20	k__Bacteria (UID2569)	95.43	0.54	0	2617793	0	43	43	87330	87330	60878	60878	305294	305294	37.6	1.01	89.2	2048	d__Bacteria;p__Bacteroidota;c__Bacteroidia;o__Bacteroidales;f__4484-276;g__RZYY01;s__RZYY01 sp012516825	99.35	0.95	GCA_012516825.1	99.35	0.95	d__Bacteria;p__Bacteroidota;c__Bacteroidia;o__Bacteroidales;f__4484-276;g__RZYY01;s__	taxonomic classification defined by topology and ANI	95.85	N/A	N/A	CU921772.1.1360 Bacteria;Desulfobacterota;Syntrophorhabdia;Syntrophorhabdales;Syntrophorhabdaceae;Syntrophorhabdus;uncultured bacterium	ilmn	2021-09-18	Nanopore-Illumina	HQ	153.14209	3.521271	180.17264	3.3333316	2617252	1052	0.0401948303029284	N	Bacteria	 Bacteroidetes	0	0
bin.0081	2183	1165	2	1	2	17	p__Firmicutes (UID241)	88.93	3.91	14.29	2180911	0	625	625	4573	4573	3489	3489	19853	19853	56.4	3.26	86.15	2544	d__Bacteria;p__SLNR01;c__SLNR01;o__SLNR01;f__;g__;s__	N/A	N/A	GCA_007132905.1	75.96	0.02	d__Bacteria;p__;c__;o__;f__;g__;s__	taxonomic classification defined by topology and ANI	78.66	0.5943515048425894	N/A	CU918125.1.1363 Bacteria;Bacteroidota;Bacteroidia;Bacteroidales;Rikenellaceae;Rikenellaceae RC9 gut group;uncultured bacterium	ilmn	2021-09-18	Nanopore-Illumina	MQ	3.488496	0.0802127	7.3208404	0.13544115	507206	2847	0.561310394593124	N	Bacteria	 Firmicutes	0	0
bin.0082	492	258	0	0	0	9	k__Bacteria (UID2328)	65.03	0.23	0	576583	0	340	340	1731	1731	1695	1695	7869	7869	32.7	4.43	92.25	770	d__Bacteria;p__Firmicutes;c__Bacilli;o__Acholeplasmatales;f__UBA5453;g__UBA5453;s__UBA5453 sp002427375	98.04	0.65	GCA_012839355.1	98.04	0.65	d__Bacteria;p__Firmicutes;c__Bacilli;o__Acholeplasmatales;f__UBA5453;g__UBA5453;s__	taxonomic classification defined by topology and ANI	40.76	N/A	N/A	NA	ilmn	2021-09-18	Nanopore-Illumina	MQ	5.139287	0.118170135	6.9928136	0.1293724	70827	942	1.33000127070185	N	Bacteria	 Tenericutes	0	0
bin.0083	2127	987	1	0	0	18	k__Bacteria (UID2570)	98.91	1.09	50	2632265	0	102	102	45011	45011	25806	25806	108032	108032	49.5	2.35	92.22	2211	d__Bacteria;p__Bacteroidota;c__Bacteroidia;o__Bacteroidales;f__Dysgonomonadaceae;g__Petrimonas;s__Petrimonas mucosa	99.59	0.98	GCF_900095795.1	99.59	0.98	d__Bacteria;p__Bacteroidota;c__Bacteroidia;o__Bacteroidales;f__Dysgonomonadaceae;g__Petrimonas;s__	taxonomic classification defined by topology and ANI	94.92	N/A	N/A	LT608328.2822622.2824138 Bacteria;Bacteroidota;Bacteroidia;Bacteroidales;Dysgonomonadaceae;Petrimonas;Petrimonas mucosa	ilmn	2021-09-18	Nanopore-Illumina	MQ	41.188335	0.9470635	67.47062	1.248258	2602362	3360	0.129113474604993	N	Bacteria	 Bacteroidetes	0	0
bin.0084	1402	717	0	0	0	17	o__Clostridiales (UID1212)	81.08	2.9	14.29	1487914	0	359	359	5638	5638	4144	4144	26254	26254	46.7	3.86	89.99	1633	d__Bacteria;p__Firmicutes_A;c__Clostridia;o__Oscillospirales;f__Oscillospiraceae;g__UBA5446;s__	N/A	N/A	GCA_012513005.1	76.91	0.05	d__Bacteria;p__Firmicutes_A;c__Clostridia;o__Oscillospirales;f__Oscillospiraceae;g__UBA5446;s__	taxonomic classification defined by topology and ANI	76.57	0.9486044819048327	N/A	NA	ilmn	2021-09-18	Nanopore-Illumina	MQ	4.450189	0.10232537	7.8922267	0.14601223	417153	1863	0.446598729962388	N	Bacteria	 Firmicutes	0	0
bin.0085	659	268	0	0	0	8	k__Bacteria (UID2328)	57.29	0	0	723044	0	161	161	4609	4609	4490	4490	13398	13398	34	1.72	92.6	781	d__Bacteria;p__Firmicutes;c__Bacilli;o__ML615J-28;f__CAG-313;g__DUOG01;s__DUOG01 sp012838945	99.2	0.93	GCA_012838945.1	99.2	0.93	d__Bacteria;p__Firmicutes;c__Bacilli;o__ML615J-28;f__CAG-313;g__;s__	taxonomic classification defined by topology and ANI	54.89	N/A	N/A	NA	ilmn	2021-09-18	Nanopore-Illumina	MQ	7.9981856	0.1839062	7.29385	0.13494182	162928	844	0.518020229794756	N	Bacteria	 Firmicutes	0	0
bin.0086	1904	1049	1	1	1	18	k__Bacteria (UID2982)	83.95	2.06	25	2168500	0	206	206	14686	14686	10526	10526	64634	64634	59.9	2.45	90.85	1960	d__Bacteria;p__Verrucomicrobiota;c__Kiritimatiellae;o__LD1-PB3;f__Lenti-01;g__Lenti-01;s__Lenti-01 sp002304915	98.39	0.77	GCA_002304915.1	98.39	0.77	d__Bacteria;p__Verrucomicrobiota;c__Kiritimatiellae;o__LD1-PB3;f__Lenti-01;g__Lenti-01;s__	taxonomic classification defined by topology and ANI	83.6	N/A	N/A	CU920757.1.1398 Bacteria;Verrucomicrobiota;Verrucomicrobiae;LD1-PB3;uncultured bacterium	ilmn	2021-09-18	Nanopore-Illumina	MQ	43.605396	1.0026402	61.001686	1.128578	2130786	8362	0.392437344716926	N	Bacteria	 Proteobacteria	0	0
bin.0087	1542	714	3	3	0	20	k__Bacteria (UID2495)	87.99	5.49	11.11	1668629	0	557	557	3866	3866	2995	2995	33304	33304	47.4	3.17	92.86	1977	d__Bacteria;p__Spirochaetota;c__Spirochaetia;o__Sphaerochaetales;f__Sphaerochaetaceae;g__DUOJ01;s__DUOJ01 sp012838895	99.19	0.9	GCA_012838895.1	99.19	0.9	d__Bacteria;p__Spirochaetota;c__Spirochaetia;o__Sphaerochaetales;f__Sphaerochaetaceae;g__;s__	taxonomic classification defined by topology and ANI	74.35	N/A	N/A	AJ853567.1.1495 Bacteria;Verrucomicrobiota;Verrucomicrobiae;Pedosphaerales;Pedosphaeraceae;DEV114;uncultured bacterium	ilmn	2021-09-18	Nanopore-Illumina	MQ	5.4555874	0.12544298	7.4678087	0.13816018	430474	5866	1.36268392516157	N	Bacteria	 Spirochaetes	0	0
bin.0088	1272	563	0	0	1	13	o__Clostridiales (UID1212)	80.88	2.13	50	1312796	0	254	254	5866	5866	5168	5168	20314	20314	57.8	2.95	88.39	1371	d__Bacteria;p__Firmicutes_A;c__Clostridia;o__Oscillospirales;f__UMGS1783;g__;s__	N/A	N/A	GCA_900555065.1	75.1	0.03	d__Bacteria;p__Firmicutes_A;c__Clostridia;o__Oscillospirales;f__;g__;s__	taxonomic classification defined by topology and ANI	70.58	0.7628100047097672	N/A	NA	ilmn	2021-09-18	Nanopore-Illumina	MQ	4.4030986	0.1012426	8.342471	0.15434211	445778	3460	0.776171098618595	N	Bacteria	 Firmicutes	0	0
bin.0089	1072	427	0	0	1	11	o__Clostridiales (UID1120)	62.06	0.71	0	1154336	0	209	209	6023	6023	5523	5523	23733	23733	46.9	2.94	87.75	1196	d__Bacteria;p__Firmicutes_A;c__Clostridia;o__Peptostreptococcales;f__Anaerovoracaceae;g__UBA1426;s__	N/A	N/A	GCA_002385825.1	94.68	0.76	d__Bacteria;p__Firmicutes_A;c__Clostridia;o__Peptostreptococcales;f__Anaerovoracaceae;g__UBA1426;s__	taxonomic classification defined by topology and ANI	55.13	0.9977705459205378	Genome not assigned to closest species as it falls outside its pre-defined ANI radius	NA	ilmn	2021-09-18	Nanopore-Illumina	MQ	4.394638	0.10104806	8.882576	0.16433446	385462	3511	0.910855025916952	N	Bacteria	 Firmicutes	0	0
bin.0090	1663	775	0	0	1	17	k__Bacteria (UID2569)	95.7	0.27	0	2107043	0	91	91	32775	32775	23154	23154	92919	92919	33	1.33	86.52	1701	d__Bacteria;p__Bacteroidota;c__Bacteroidia;o__Bacteroidales;f__Paludibacteraceae;g__MVYY01;s__	N/A	N/A	N/A	N/A	N/A	d__Bacteria;p__Bacteroidota;c__Bacteroidia;o__Bacteroidales;f__Paludibacteraceae;g__;s__	taxonomic novelty determined using RED	93.63	0.9356981598949693	N/A	NA	ilmn	2021-09-18	Nanopore-Illumina	MQ	42.48569	0.97689426	45.260807	0.8373596	2099877	819	0.039002284419516	N	Bacteria	 Bacteroidetes	0	0
bin.0091	633	330	1	1	1	15	k__Bacteria (UID2329)	68.16	2.52	9.09	736036	0	344	344	2375	2375	2139	2139	21377	21377	33.2	2.99	92.6	926	d__Bacteria;p__Firmicutes;c__Bacilli;o__RFN20;f__CAG-826;g__JAAYSA01;s__JAAYSA01 sp012518455	95.65	0.66	GCA_012518455.1	95.65	0.66	d__Bacteria;p__Firmicutes;c__Bacilli;o__RFN20;f__CAG-826;g__;s__	taxonomic classification defined by topology and ANI	55.87	N/A	N/A	FJ205853.1.1308 Bacteria;Firmicutes;Bacilli;Erysipelotrichales;Erysipelatoclostridiaceae;UCG-004;uncultured bacterium	ilmn	2021-09-18	Nanopore-Illumina	MQ	8.842761	0.20332593	7.18542	0.13293578	121665	734	0.603295935560761	N	Bacteria	 Firmicutes	0	0
bin.0092	2434	1357	0	0	0	18	o__Clostridiales (UID1120)	87.59	4.92	9.09	2639864	0	287	287	12203	12203	9198	9198	53449	53449	40.2	3.12	92.23	2621	d__Bacteria;p__Firmicutes_A;c__Clostridia;o__UBA1212;f__UBA1257;g__DUPL01;s__DUPL01 sp012838385	99.51	0.83	GCA_012838385.1	99.51	0.83	d__Bacteria;p__Firmicutes_A;c__Clostridia;o__UBA1212;f__UBA1257;g__DUPL01;s__	taxonomic classification defined by topology and ANI	86.26	N/A	N/A	NA	ilmn	2021-09-18	Nanopore-Illumina	MQ	9.409091	0.21634783	10.830353	0.2003698	1525510	5795	0.379872960518122	N	Bacteria	 Firmicutes	0	0
bin.0093	1943	971	0	0	0	15	p__Bacteroidetes (UID2605)	84.73	2.3	12.5	2272733	0	163	163	18297	18297	13943	13943	66493	66493	46.1	1.66	90.59	1990	d__Bacteria;p__Bacteroidota;c__Bacteroidia;o__Bacteroidales;f__VadinHA17;g__LD21;s__LD21 sp012519515	99.28	0.87	GCA_012519515.1	99.28	0.87	d__Bacteria;p__Bacteroidota;c__Bacteroidia;o__Bacteroidales;f__VadinHA17;g__LD21;s__	taxonomic classification defined by topology and ANI	81.2	N/A	N/A	NA	ilmn	2021-09-18	Nanopore-Illumina	MQ	25.389103	0.58378404	40.060585	0.74115145	2257674	11114	0.492276564286961	N	Bacteria	 Bacteroidetes	0	0
bin.0094	1310	882	0	0	0	16	k__Bacteria (UID1452)	38.24	4.17	0	1610297	0	916	916	1791	1791	1757	1757	8513	8513	41	1.98	92	1928	d__Bacteria;p__Armatimonadota;c__UBA5829;o__DTJY01;f__;g__;s__	N/A	N/A	GCA_011337985.1	78.74	0.01	d__Bacteria;p__Armatimonadota;c__UBA5829;o__;f__;g__;s__	taxonomic classification defined by topology and ANI	33.99	0.69972381315263	N/A	NA	ilmn	2021-09-18	Nanopore-Illumina	LQ	1.5669792	0.03603032	5.123052	0.094780385	98305	1695	1.72422562433243	N	Bacteria	 Firmicutes	0	0
bin.0095	1565	728	0	0	1	17	p__Firmicutes (UID241)	78.08	3.84	66.67	1667697	0	216	216	9662	9662	7720	7720	47696	47696	55.6	1.33	88.91	1654	d__Bacteria;p__Firmicutes_G;c__SHA-98;o__DTUO25;f__DTU025;g__UBA10085;s__	N/A	N/A	GCA_003456765.1	98.29	0.63	d__Bacteria;p__Firmicutes_G;c__SHA-98;o__DTUO25;f__DTU025;g__UBA10085;s__	taxonomic classification defined by topology and ANI	77.27	0.9995996615955077	N/A	NA	ilmn	2021-09-18	Nanopore-Illumina	MQ	27.149254	0.6242561	45.05022	0.83346355	1657667	13625	0.821938302445546	N	Bacteria	 Firmicutes	0	0
bin.0096	3338	1954	1	1	0	19	k__Bacteria (UID2982)	99.32	3.38	0	4187931	0	106	106	64206	64206	39508	39508	211125	211125	61.3	1.12	88.49	3391	d__Bacteria;p__Verrucomicrobiota;c__Verrucomicrobiae;o__Pedosphaerales;f__NGM72-4;g__MWDV01;s__MWDV01 sp002070715	98.32	0.89	GCA_002070715.1	98.32	0.89	d__Bacteria;p__Verrucomicrobiota;c__Verrucomicrobiae;o__Pedosphaerales;f__NGM72-4;g__;s__	taxonomic classification defined by topology and ANI	90.01	N/A	N/A	MWDV01000435.2570.4121 Bacteria;Verrucomicrobiota;Verrucomicrobiae;Pedosphaerales;Pedosphaeraceae;ADurb.Bin118;Verrucomicrobia bacterium ADurb.Bin118	ilmn	2021-09-18	Nanopore-Illumina	MQ	36.309208	0.8348754	39.77354	0.7358409	4179550	1664	0.039812898517783	N	Bacteria	 Proteobacteria	0	0
bin.0097	2515	1550	0	0	2	15	o__Clostridiales (UID1120)	70.59	5.59	5.88	2743926	0	1210	1210	2523	2523	2267	2267	12483	12483	44.3	2.47	91.06	3273	d__Bacteria;p__Firmicutes_A;c__Clostridia;o__JAAYHZ01;f__JAAYHZ01;g__JAAYHZ01;s__JAAYHZ01 sp012744235	98.76	0.93	GCA_012744235.1	98.76	0.93	d__Bacteria;p__Firmicutes_A;c__Clostridia;o__;f__;g__;s__	taxonomic classification defined by topology and ANI	57.47	N/A	Genome has more than 11.7% of markers with multiple hits	NA	ilmn	2021-09-18	Nanopore-Illumina	MQ	2.4471493	0.056268502	5.944311	0.10997431	289282	1776	0.61393380853285	N	Bacteria	 Firmicutes	0	0
bin.0098	1425	685	1	1	0	18	p__Bacteroidetes (UID2605)	88.17	1.19	33.33	1769356	0	219	219	9720	9720	8079	8079	52982	52982	29.1	1.76	88.67	1520	d__Bacteria;p__Bacteroidota;c__Bacteroidia;o__Bacteroidales;f__DTU049;g__DTU049;s__DTU049 sp001512885	99.73	0.91	GCA_001512885.1	99.73	0.91	d__Bacteria;p__Bacteroidota;c__Bacteroidia;o__Bacteroidales;f__DTU049;g__DTU049;s__	taxonomic classification defined by topology and ANI	88.96	N/A	N/A	CZCB01007045.46.1566 Bacteria;Bacteroidota;Bacteroidia;Sphingobacteriales;Lentimicrobiaceae;Lentimicrobium;anaerobic digester metagenome	ilmn	2021-09-18	Nanopore-Illumina	MQ	20.783627	0.4778881	15.724021	0.2909064	1350868	1716	0.127029435888629	N	Bacteria	 Bacteroidetes	0	0
bin.0099	2105	1031	0	0	1	19	k__Bacteria (UID209)	98.31	1.39	27.27	2698630	0	105	105	39733	39733	25701	25701	101068	101068	51.8	2.09	86.12	2175	d__Bacteria;p__Thermotogota;c__Thermotogae;o__MWEM01;f__MWEM01;g__MWEM01;s__MWEM01 sp002071085	99.52	0.91	GCA_002071085.1	99.52	0.91	d__Bacteria;p__Thermotogota;c__Thermotogae;o__MWEM01;f__MWEM01;g__MWEM01;s__	taxonomic classification defined by topology and ANI	93.25	N/A	N/A	NA	ilmn	2021-09-18	Nanopore-Illumina	MQ	13.984793	0.32155916	19.782927	0.36599928	2576401	1828	0.0709516880330352	N	Bacteria	 Thermotogae	0	0
bin.0100	2625	1519	0	1	2	20	k__Bacteria (UID2570)	96.29	3.28	55.56	3479817	0	319	319	15559	15559	10908	10908	60539	60539	50.4	3.62	91	2909	d__Bacteria;p__Bacteroidota;c__Bacteroidia;o__Bacteroidales;f__Dysgonomonadaceae;g__Fermentimonas;s__Fermentimonas sp012838585	98.98	0.83	GCA_012838585.1	98.98	0.83	d__Bacteria;p__Bacteroidota;c__Bacteroidia;o__Bacteroidales;f__Dysgonomonadaceae;g__Fermentimonas;s__	taxonomic classification defined by topology and ANI	95.85	N/A	N/A	NA	ilmn	2021-09-18	Nanopore-Illumina	MQ	9.699554	0.22302662	11.01753	0.20383273	2140031	22585	1.05535854387156	N	Bacteria	 Bacteroidetes	0	0
bin.0101	3988	2771	3	1	0	18	k__Bacteria (UID1452)	82.04	4.79	7.69	4391862	0	1554	1554	3413	3413	2826	2826	20126	20126	56.2	2.12	89.08	4761	d__Bacteria;p__Armatimonadota;c__UBA5829;o__UBA5829;f__UBA5829;g__;s__	N/A	N/A	N/A	N/A	N/A	d__Bacteria;p__Armatimonadota;c__UBA5829;o__UBA5829;f__UBA5829;g__;s__	taxonomic novelty determined using RED	66.05	0.839606826927033	N/A	DQ800642.1.1301 Bacteria;Firmicutes;Clostridia;Christensenellales;Christensenellaceae;Christensenellaceae R-7 group;uncultured bacterium	ilmn	2021-09-18	Nanopore-Illumina	MQ	1.9799303	0.045525506	6.259763	0.1158104	568050	3179	0.559633835049732	N	Bacteria	 Firmicutes	1	0
bin.0102	1376	668	0	0	0	19	c__Clostridia (UID1118)	84.95	1.61	50	1884925	0	73	73	52588	52588	25820	25820	164975	164975	31.6	1.47	88.96	1382	d__Bacteria;p__Firmicutes_A;c__Clostridia_A;o__Christensenellales;f__DTU072;g__JAAZJD01;s__JAAZJD01 sp012800525	99.5	0.89	GCA_012800525.1	99.5	0.89	d__Bacteria;p__Firmicutes_A;c__Clostridia_A;o__Christensenellales;f__DTU072;g__JAAZJD01;s__	taxonomic classification defined by topology and ANI	86.6	N/A	N/A	NA	ilmn	2021-09-18	Nanopore-Illumina	MQ	41.840294	0.96205425	23.521574	0.43516713	1827134	1021	0.0558798643120866	N	Bacteria	 Firmicutes	0	0
bin.0103	1806	736	0	0	3	19	c__Clostridia (UID1085)	93.08	0.21	0	1885401	0	64	64	44447	44447	29459	29459	134267	134267	41.2	1.2	88.26	1845	d__Bacteria;p__Firmicutes_B;c__Peptococcia;o__DRI-13;f__;g__;s__	N/A	N/A	N/A	N/A	N/A	d__Bacteria;p__Firmicutes_B;c__Peptococcia;o__DRI-13;f__;g__;s__	taxonomic classification fully defined by topology	93.81	0.6606964344647858	N/A	NA	ilmn	2021-09-18	Nanopore-Illumina	MQ	22.433153	0.5158165	26.518013	0.49060354	1868392	1394	0.0746096108311318	N	Bacteria	 Firmicutes	0	0
