bin	CDS_total	CDS_hypothetical	X16S	X23S	X5S	unique_tRNA	checkm_marker_lineage	Completeness	Contamination	Strain_heterogeneity	Genome_size_bp	ambiguous_bases	scaffolds	contigs	N50_scaffolds_	N50_contigs_	Mean_scaffold_length_bp	Mean_contig_length_bp	Longest_scaffold_bp	Longest_contig_bp	GC	GC_std_scaffolds__1kbp	Coding_density	predicted_genes	gtdb_classification	fastani_ani	fastani_af	closest_placement_reference	closest_placement_ani	closest_placement_af	pplacer_taxonomy	classification_method	msa_percent	red_value	gtdb_warning	silva_taxonomy	mags_workflow_name	mags_workflow_date	mags_workflow_mode	MAG_status	cov_long	cov_ilm	Rabund_long	Rabund_ilm	cmseq_covered_bases	cmseq_polymorphic_bases	percent_snp_rate	cMAG_status	kaiju_domain	kaiju_phylum	AMR_count	VIR_count
bin.0000	2351	1407	2	2	2	20	k__Bacteria (UID2569)	97.85	1.08	0	2458679	0	43	43	1633443	1633443	57178	57178	1633443	1633443	41.5	8.39	91.41	2301	d__Bacteria;p__Bacteroidota;c__Bacteroidia;o__Bacteroidales;f__Paludibacteraceae;g__W0P28-013;s__W0P28-013 sp012837685	99.51	0.98	GCA_012837685.1	99.51	0.98	d__Bacteria;p__Bacteroidota;c__Bacteroidia;o__Bacteroidales;f__Paludibacteraceae;g__W0P28-013;s__	taxonomic classification defined by topology and ANI	94.54	N/A	N/A	FPLM01004737.14.1519 Bacteria;Bacteroidota;Bacteroidia;Bacteroidales;Paludibacteraceae;uncultured;metagenome	r104-il	2021-11-02	Nanopore-Illumina	HQ	36.21486	34.452385	0.95379514	0.7222603	2417587	10551	0.436426900045376	N	Bacteria	 Bacteroidetes	2	0
bin.0001	3181	1921	1	4	2	21	k__Bacteria (UID1452)	82.87	1.85	50	3865314	0	124	124	44471	44471	31171	31171	186997	186997	64.8	1.43	91.64	3153	d__Bacteria;p__Armatimonadota;c__UBA5377;o__UBA1398;f__UBA1398;g__UBA1398;s__	N/A	N/A	GCA_002305165.1	77.9	0.34	d__Bacteria;p__Armatimonadota;c__UBA5377;o__;f__;g__;s__	taxonomic classification defined by topology and ANI	79.75	0.9069893755373084	N/A	CU927522.1.1345 Bacteria;Armatimonadota;uncultured;uncultured bacterium	r104-il	2021-11-02	Nanopore-Illumina	MQ	5.517343	10.465939	0.14531094	0.2194081	2188215	2471	0.112923090281348	N	Bacteria	 Proteobacteria	0	0
bin.0002	2254	1097	3	3	3	20	k__Bacteria (UID209)	93.22	1.39	27.27	2844405	0	26	26	172086	172086	109400	109400	455295	455295	51.6	1.35	84.66	2239	d__Bacteria;p__Thermotogota;c__Thermotogae;o__MWEM01;f__MWEM01;g__MWEM01;s__MWEM01 sp002071085	99.44	0.92	GCA_002071085.1	99.44	0.92	d__Bacteria;p__Thermotogota;c__Thermotogae;o__MWEM01;f__MWEM01;g__MWEM01;s__	taxonomic classification defined by topology and ANI	90.65	N/A	N/A	FPLM01001840.10.1533 Bacteria;Thermotogota;Thermotogae;Petrotogales;Petrotogaceae;SC103;metagenome	r104-il	2021-11-02	Nanopore-Illumina	HQ	11.556929	19.416296	0.30437624	0.4070435	2701426	1184	0.0438287038031025	N	Bacteria	 Thermotogae	0	0
bin.0003	3674	2178	1	1	0	20	k__Bacteria (UID2982)	99.32	4.05	25	4518494	0	6	6	2259511	2259511	753082	753082	2259511	2259511	61.3	0.18	88.4	3635	d__Bacteria;p__Verrucomicrobiota;c__Verrucomicrobiae;o__Pedosphaerales;f__NGM72-4;g__MWDV01;s__MWDV01 sp002070715	98.2	0.93	GCA_002070715.1	98.2	0.93	d__Bacteria;p__Verrucomicrobiota;c__Verrucomicrobiae;o__Pedosphaerales;f__NGM72-4;g__;s__	taxonomic classification defined by topology and ANI	90.01	N/A	N/A	MWDV01000435.2570.4121 Bacteria;Verrucomicrobiota;Verrucomicrobiae;Pedosphaerales;Pedosphaeraceae;ADurb.Bin118;Verrucomicrobia bacterium ADurb.Bin118	r104-il	2021-11-02	Nanopore-Illumina	MQ	37.720325	39.025715	0.9934448	0.8181357	4506433	1254	0.0278268865863533	N	Bacteria	 Verrucomicrobia	0	0
bin.0004	2122	1171	2	2	0	20	p__Bacteroidetes (UID2605)	95.95	6.43	20	2506331	1	26	26	394604	394604	96397	96397	484084	484084	29.8	6.03	87.46	2043	d__Bacteria;p__Bacteroidota;c__Bacteroidia;o__Bacteroidales;f__DTU049;g__DTU049;s__DTU049 sp001512885	99.95	0.99	GCA_001512885.1	99.95	0.99	d__Bacteria;p__Bacteroidota;c__Bacteroidia;o__Bacteroidales;f__DTU049;g__DTU049;s__	taxonomic classification defined by topology and ANI	89.32	N/A	N/A	CZCB01007045.46.1566 Bacteria;Bacteroidota;Bacteroidia;Sphingobacteriales;Lentimicrobiaceae;Lentimicrobium;anaerobic digester metagenome	r104-il	2021-11-02	Nanopore-Illumina	MQ	20.420887	15.948455	0.53782743	0.33434364	1852960	6441	0.347605992574044	N	Bacteria	 Bacteroidetes	0	0
bin.0005	1908	1015	2	2	2	20	k__Bacteria (UID2495)	80.8	1.12	100	1897426	10	77	77	43885	43885	24641	24641	93659	93659	32.6	1.5	86.38	1896	d__Bacteria;p__Spirochaetota;c__UBA6919;o__GWB1-36-13;f__GWB1-36-13;g__;s__	N/A	N/A	GCA_001829155.1	76.07	0.05	d__Bacteria;p__Spirochaetota;c__UBA6919;o__;f__;g__;s__	taxonomic classification defined by topology and ANI	79.04	0.7586277393390728	N/A	FMJJ01000012.131284.134557 Bacteria;Firmicutes;Bacilli;Bacillales;Bacillaceae;Bacillus;Bacillus cereus	r104-il	2021-11-02	Nanopore-Illumina	MQ	6.165126	5.400711	0.16237167	0.11322058	228035	961	0.421426535400268	N	Bacteria	 Firmicutes	1	0
bin.0006	2055	869	2	1	1	14	o__Clostridiales (UID1120)	94	0	0	2090111	0	53	53	96017	96017	39436	39436	171568	171568	35.2	1.32	88.74	2034	d__Bacteria;p__Firmicutes_A;c__Clostridia;o__Tissierellales;f__Sedimentibacteraceae;g__Sedimentibacter;s__	N/A	N/A	GCA_003483345.1	97.24	0.63	d__Bacteria;p__Firmicutes_A;c__Clostridia;o__Tissierellales;f__Sedimentibacteraceae;g__Sedimentibacter;s__	taxonomic classification defined by topology and ANI	89.78	0.9984046645569638	N/A	FJ825486.1.1364 Bacteria;Firmicutes;Clostridia;Peptostreptococcales-Tissierellales;Sedimentibacteraceae;Sedimentibacter;uncultured bacterium	r104-il	2021-11-02	Nanopore-Illumina	MQ	8.023008	13.270788	0.21130297	0.278209	1488547	35200	2.3647221082035	N	Bacteria	 Firmicutes	0	0
bin.0007	803	346	1	1	0	12	o__Clostridiales (UID1212)	39.34	0.67	0	791497	1	56	56	18054	18054	14133	14133	68824	68824	43.9	2.01	88.03	833	d__Bacteria;p__Firmicutes_A;c__Clostridia;o__Oscillospirales;f__Acutalibacteraceae;g__DTU033;s__	N/A	N/A	GCA_002409375.1	89.04	0.72	d__Bacteria;p__Firmicutes_A;c__Clostridia;o__Oscillospirales;f__Acutalibacteraceae;g__DTU033;s__	taxonomic classification defined by topology and ANI	47.31	0.9792220139843015	Genome not assigned to closest species as it falls outside its pre-defined ANI radius	GU389757.1.1325 Bacteria;Firmicutes;Clostridia;Oscillospirales;Ruminococcaceae;uncultured;uncultured bacterium	r104-il	2021-11-02	Nanopore-Illumina	LQ	3.7467096	5.691973	0.098677546	0.1193266	98522	954	0.968311646129798	N	Bacteria	 Firmicutes	1	0
bin.0008	595	272	1	1	1	20	k__Bacteria (UID203)	69.1	0	0	549156	0	9	9	91542	91542	61017	61017	212914	212914	32.5	1.89	86.05	550	d__Bacteria;p__Patescibacteria;c__Paceibacteria;o__UBA6257;f__UBA6257;g__;s__	N/A	N/A	N/A	N/A	N/A	d__Bacteria;p__Patescibacteria;c__Paceibacteria;o__UBA6257;f__UBA6257;g__;s__	taxonomic classification fully defined by topology	61.76	0.7700606692390325	N/A	DQ330672.1.1380 Bacteria;Patescibacteria;WWE3;uncultured Parcubacteria group bacterium	r104-il	2021-11-02	Nanopore-Illumina	MQ	5.4157896	7.725485	0.14263633	0.16195717	171020	3264	1.90854870775348	N	Bacteria	 Actinobacteria	0	0
bin.0009	1884	846	1	1	1	21	k__Bacteria (UID209)	86.44	1.69	0	1908100	16	68	68	47023	47023	28060	28060	105454	105454	37.1	7.47	83.62	1885	d__Bacteria;p__Caldatribacteriota;c__JS1;o__SB-45;f__UBA6794;g__UBA6794;s__	N/A	N/A	GCA_012520575.1	77.06	0.15	d__Bacteria;p__Caldatribacteriota;c__JS1;o__SB-45;f__UBA6794;g__UBA6794;s__	taxonomic classification defined by topology and ANI	76.85	0.8746164121402774	N/A	HQ184008.1.1509 Bacteria;Caldatribacteriota;JS1;uncultured bacterium	r104-il	2021-11-02	Nanopore-Illumina	MQ	6.025867	7.229366	0.158704	0.15155652	605340	31041	5.12786202795123	N	Bacteria	 Firmicutes	0	0
bin.0010	2885	1644	3	4	4	20	o__Clostridiales (UID1120)	83.54	1.05	50	3007884	4	118	118	59249	59249	25490	25490	122489	122488	40	1.57	90.47	2875	d__Bacteria;p__Firmicutes_A;c__Clostridia;o__UBA1212;f__UBA1257;g__DUPL01;s__DUPL01 sp012838385	99.45	0.83	GCA_012838385.1	99.45	0.83	d__Bacteria;p__Firmicutes_A;c__Clostridia;o__UBA1212;f__UBA1257;g__DUPL01;s__	taxonomic classification defined by topology and ANI	82.99	N/A	N/A	KC846014.1.1506 Bacteria;Firmicutes;Clostridia;Hungateiclostridiaceae;Ruminiclostridium;uncultured bacterium	r104-il	2021-11-02	Nanopore-Illumina	MQ	8.500654	11.007219	0.22388278	0.2307555	1628486	11187	0.686957087748989	N	Bacteria	 Firmicutes	0	0
bin.0011	2424	1557	4	3	4	15	p__Firmicutes (UID239)	42.42	5.15	0	2273164	16	296	296	10317	10317	7679	7679	38805	38805	55.9	1.56	85.8	2590	d__Bacteria;p__Firmicutes_G;c__Limnochordia;o__DTU080;f__DTU080;g__;s__	N/A	N/A	GCA_012838035.1	97.14	0.09	d__Bacteria;p__Firmicutes_G;c__Limnochordia;o__DTU080;f__DTU080;g__;s__	taxonomic classification defined by topology and ANI	33.77	0.7824103459149223	Genome has more than 10.0% of markers with multiple hits	KP150680.1.1496 Bacteria;Firmicutes;Incertae Sedis;DTU014;uncultured bacterium	r104-il	2021-11-02	Nanopore-Illumina	LQ	3.637261	3.9419706	0.09579498	0.08263953	160304	7735	4.82520710649765	N	Bacteria	 Firmicutes	0	0
bin.0012	3321	2088	2	2	2	20	k__Bacteria (UID2982)	87.84	3.13	10	4257862	24	162	162	41702	41702	26283	26282	204080	204078	60.1	2.59	88.68	3382	d__Bacteria;p__Verrucomicrobiota;c__Kiritimatiellae;o__RFP12;f__UBA1067;g__DUPH01;s__DUPH01 sp012838435	99.33	0.88	GCA_012838435.1	99.33	0.88	d__Bacteria;p__Verrucomicrobiota;c__Kiritimatiellae;o__RFP12;f__UBA1067;g__DUPH01;s__	taxonomic classification defined by topology and ANI	78.4	N/A	N/A	MWEJ01000500.13.1569 Bacteria;Verrucomicrobiota;Kiritimatiellae;WCHB1-41;Verrucomicrobia bacterium ADurb.Bin070	r104-il	2021-11-02	Nanopore-Illumina	MQ	7.9334555	7.4913344	0.20894438	0.15704843	1197611	12435	1.03831711632575	N	Bacteria	 Proteobacteria	0	0
bin.0013	1906	1009	1	1	1	19	k__Bacteria (UID2565)	69.32	3.17	20	2011410	16	142	142	19498	19497	14164	14164	61333	61324	53.4	2.13	87.62	1975	d__Bacteria;p__Planctomycetota;c__Phycisphaerae;o__Sedimentisphaerales;f__Anaerohalophaeraceae;g__T3Sed10-213;s__T3Sed10-213 sp012519365	98.4	0.65	GCA_012519365.1	98.4	0.65	d__Bacteria;p__Planctomycetota;c__Phycisphaerae;o__Sedimentisphaerales;f__Anaerohalophaeraceae;g__T3Sed10-213;s__	taxonomic classification defined by topology and ANI	58.45	N/A	N/A	GQ138312.1.1394 Bacteria;Planctomycetota;Phycisphaerae;MSBL9;KCLunmb-38-53;uncultured bacterium	r104-il	2021-11-02	Nanopore-Illumina	MQ	4.232606	5.4201465	0.11147466	0.11362803	169901	1105	0.650378749977928	N	Bacteria	 Planctomycetes	0	0
bin.0014	2531	1055	4	6	4	21	o__Clostridiales (UID1120)	99.07	2.1	100	2556785	13	18	18	254524	254524	142043	142042	411694	411694	38.9	0.94	88.58	2440	d__Bacteria;p__Firmicutes_A;c__Clostridia;o__Tissierellales;f__Sedimentibacteraceae;g__Sedimentibacter;s__Sedimentibacter sp012520455	99.91	0.99	GCA_012520455.1	99.91	0.99	d__Bacteria;p__Firmicutes_A;c__Clostridia;o__Tissierellales;f__Sedimentibacteraceae;g__Sedimentibacter;s__	taxonomic classification defined by topology and ANI	95.29	N/A	N/A	FJ825495.1.1386 Bacteria;Firmicutes;Clostridia;Peptostreptococcales-Tissierellales;Sedimentibacteraceae;Sedimentibacter;uncultured bacterium	r104-il	2021-11-02	Nanopore-Illumina	HQ	31.304674	72.03893	0.82447505	1.5102252	2478748	8076	0.325809642609898	N	Bacteria	 Firmicutes	0	0
bin.0015	702	343	1	1	1	19	k__Bacteria (UID203)	76.41	1.72	0	716701	0	6	6	178367	178367	119450	119450	269238	269238	34.1	0.7	92.83	668	d__Bacteria;p__Patescibacteria;c__Dojkabacteria;o__SC72;f__SC72;g__UBA3081;s__UBA3081 sp012800885	98.71	0.9	GCA_012800885.1	98.71	0.9	d__Bacteria;p__Patescibacteria;c__Dojkabacteria;o__SC72;f__SC72;g__UBA3081;s__	taxonomic classification defined by topology and ANI	68.85	N/A	N/A	EU542449.1.1528 Bacteria;Patescibacteria;Dojkabacteria;uncultured bacterium	r104-il	2021-11-02	Nanopore-Illumina	MQ	11.604044	16.18137	0.30561712	0.33922642	637926	1180	0.184974432771199	N	Bacteria	 Firmicutes	0	0
bin.0016	2275	960	1	2	2	20	p__Firmicutes (UID241)	87.43	3.48	25	2400401	13	100	100	35279	35279	24004	24003	94972	94972	49.6	1.31	88.13	2316	d__Bacteria;p__Firmicutes_G;c__Limnochordia;o__DTU087;f__DTU087;g__JAAZMF01;s__	N/A	N/A	GCA_012798955.1	84.5	0.65	d__Bacteria;p__Firmicutes_G;c__Limnochordia;o__DTU087;f__DTU087;g__JAAZMF01;s__	taxonomic classification defined by topology and ANI	88.8	0.9651794145269615	Genome not assigned to closest species as it falls outside its pre-defined ANI radius	KX672709.1.1394 Bacteria;Firmicutes;Limnochordia;Limnochordales;uncultured;uncultured Clostridia bacterium	r104-il	2021-11-02	Nanopore-Illumina	MQ	5.772814	9.706011	0.15203929	0.20347694	1130742	12248	1.08318254738924	N	Bacteria	 Firmicutes	0	0
bin.0017	1598	718	2	2	2	20	k__Bacteria (UID2328)	98.67	1.33	0	1749243	0	17	17	228792	228792	102896	102896	278199	278199	47.5	2.48	90.75	1549	d__Bacteria;p__Firmicutes;c__Bacilli;o__ML615J-28;f__CAG-698;g__UBA3946;s__UBA3946 sp002385755	99.55	0.96	GCA_002385755.1	99.55	0.96	d__Bacteria;p__Firmicutes;c__Bacilli;o__ML615J-28;f__CAG-698;g__UBA3946;s__	taxonomic classification defined by topology and ANI	91.03	N/A	N/A	JF417903.1.1492 Bacteria;Firmicutes;Bacilli;Izemoplasmatales;uncultured bacterium	r104-il	2021-11-02	Nanopore-Illumina	HQ	70.643166	64.7448	1.8605376	1.3573108	1705395	12432	0.728980676031066	N	Bacteria	 Firmicutes	0	0
bin.0018	1136	737	0	0	0	11	p__Firmicutes (UID239)	21.43	2.94	0	1132195	1	100	100	15902	15902	11321	11321	57669	57669	56.4	2	86.81	1200	d__Bacteria;p__Firmicutes_G;c__SHA-98;o__DTUO25;f__DTU025;g__UBA5389;s__	N/A	N/A	GCA_002409965.1	83.95	0.14	d__Bacteria;p__Firmicutes_G;c__SHA-98;o__DTUO25;f__DTU025;g__;s__	taxonomic classification defined by topology and ANI	31.76	0.9158935450488412	N/A	NA	r104-il	2021-11-02	Nanopore-Illumina	LQ	5.312949	7.8496065	0.1399278	0.16455926	348355	14000	4.01888877725309	N	Bacteria	 Firmicutes	0	0
bin.0019	1668	942	1	1	2	19	p__Euryarchaeota (UID3)	86.16	0.81	100	1589060	8	86	86	29923	29923	18477	18477	76151	76151	58.7	1.89	87.95	1710	d__Archaea;p__Thermoplasmatota;c__Thermoplasmata;o__Methanomassiliicoccales;f__Methanomassiliicoccaceae;g__DTU008;s__DTU008 sp001512965	99.62	0.88	GCA_001512965.1	99.62	0.88	d__Archaea;p__Thermoplasmatota;c__Thermoplasmata;o__Methanomassiliicoccales;f__Methanomassiliicoccaceae;g__DTU008;s__	taxonomic classification defined by topology and ANI	76.41	N/A	N/A	LFRW01000036.25222.26657 Archaea;Thermoplasmatota;Thermoplasmata;Methanomassiliicoccales;Methanomassiliicoccaceae;Methanomassiliicoccus;Methanomicrobia archaeon DTU008	r104-il	2021-11-02	Nanopore-Illumina	MQ	8.570146	6.020238	0.22571297	0.12620835	222129	1558	0.701394234881533	N	Archaea	 Euryarchaeota	0	0
bin.0020	2296	1005	2	2	2	12	o__Clostridiales (UID1125)	97.26	1.03	50	2416150	1	116	116	39373	39373	20828	20828	135804	135804	35.3	2.26	86	2313	d__Bacteria;p__Firmicutes_A;c__Clostridia;o__Tissierellales;f__Peptoniphilaceae;g__;s__	N/A	N/A	N/A	N/A	N/A	d__Bacteria;p__Firmicutes_A;c__Clostridia;o__Tissierellales;f__Peptoniphilaceae;g__;s__	taxonomic classification fully defined by topology	90.15	0.8087042485722192	N/A	GQ133078.1.1391 Bacteria;Firmicutes;Clostridia;Peptostreptococcales-Tissierellales;W5053;uncultured bacterium	r104-il	2021-11-02	Nanopore-Illumina	MQ	7.3362427	10.499743	0.19321552	0.22011676	1172389	11848	1.01058607680557	N	Bacteria	 Firmicutes	1	0
bin.0021	1665	759	1	1	1	19	o__Clostridiales (UID1120)	83.69	4.37	50	1901062	0	19	19	204988	204988	100055	100055	304210	304210	50.3	1.45	89.1	1626	d__Bacteria;p__Firmicutes_A;c__Clostridia;o__Saccharofermentanales;f__DTU023;g__UBA4923;s__UBA4923 sp012799695	99.06	0.93	GCA_012799695.1	99.06	0.93	d__Bacteria;p__Firmicutes_A;c__Clostridia;o__Saccharofermentanales;f__DTU023;g__UBA4923;s__	taxonomic classification defined by topology and ANI	84.32	N/A	N/A	KC846031.1.1493 Bacteria;Firmicutes;Clostridia;Hungateiclostridiaceae;Fastidiosipila;uncultured bacterium	r104-il	2021-11-02	Nanopore-Illumina	MQ	196.37729	411.73483	5.172013	8.631615	1896085	11936	0.629507643380967	N	Bacteria	 Firmicutes	0	0
bin.0022	2737	1454	2	2	2	20	p__Bacteroidetes (UID2605)	96.19	1.9	0	3308608	0	8	8	1150048	1150048	413576	413576	1260938	1260938	44.3	2.02	89.14	2670	d__Bacteria;p__Bacteroidota;c__Bacteroidia;o__Bacteroidales;f__BBW3;g__MWFE01;s__MWFE01 sp002071445	99.95	0.99	GCA_002071445.1	99.95	0.99	d__Bacteria;p__Bacteroidota;c__Bacteroidia;o__Bacteroidales;f__BBW3;g__;s__	taxonomic classification defined by topology and ANI	96.09	N/A	N/A	HM748809.1.1486 Bacteria;Bacteroidota;Bacteroidia;Bacteroidales;Williamwhitmaniaceae;Blvii28 wastewater-sludge group;uncultured bacterium	r104-il	2021-11-02	Nanopore-Illumina	HQ	258.2443	263.67517	6.801411	5.52769	3305324	896	0.0271077812644086	N	Bacteria	 Bacteroidetes	1	0
bin.0023	2808	1338	3	3	3	21	p__Firmicutes (UID239)	94.12	4.74	16.67	3034696	0	30	30	403864	403864	101156	101156	926294	926294	55.3	1.49	86.52	2746	d__Bacteria;p__Firmicutes_G;c__SHA-98;o__DTUO25;f__DTU025;g__UBA10085;s__UBA10085 sp003456765	99.06	0.94	GCA_003456765.1	99.06	0.94	d__Bacteria;p__Firmicutes_G;c__SHA-98;o__DTUO25;f__DTU025;g__UBA10085;s__	taxonomic classification defined by topology and ANI	89.36	N/A	N/A	JX456451.1.1502 Bacteria;Firmicutes;Incertae Sedis;DTU014;uncultured Clostridiales bacterium	r104-il	2021-11-02	Nanopore-Illumina	HQ	20.593527	41.360203	0.54237425	0.8670759	2916119	44471	1.52500635262141	N	Bacteria	 Firmicutes	0	0
bin.0024	2374	1420	1	1	1	20	p__Euryarchaeota (UID54)	96.08	1.31	0	2413097	0	22	22	195698	195698	109686	109686	496224	496224	58.8	1.93	86.36	2354	d__Archaea;p__Halobacteriota;c__Methanomicrobia;o__Methanomicrobiales;f__Methanoculleaceae;g__Methanoculleus;s__Methanoculleus sp012797575	99.18	0.98	GCA_012797575.1	99.18	0.98	d__Archaea;p__Halobacteriota;c__Methanomicrobia;o__Methanomicrobiales;f__Methanoculleaceae;g__Methanoculleus;s__	taxonomic classification defined by topology and ANI	95.59	N/A	N/A	AB494253.1.1436 Archaea;Halobacterota;Methanomicrobia;Methanomicrobiales;Methanomicrobiaceae;Methanoculleus;uncultured archaeon	r104-il	2021-11-02	Nanopore-Illumina	HQ	76.58556	51.33196	2.017043	1.0761238	2340564	40116	1.71394586945711	N	Archaea	 Euryarchaeota	0	0
bin.0025	1827	731	2	2	2	20	p__Firmicutes (UID239)	91.18	0.49	0	1953053	0	8	8	496685	496685	244131	244131	508698	508698	49.7	0.71	86.47	1756	d__Bacteria;p__Firmicutes_G;c__SHA-98;o__UBA4971;f__UBA4971;g__UBA4971;s__UBA4971 sp900019985	99.87	0.93	GCA_900019985.1	99.87	0.93	d__Bacteria;p__Firmicutes_G;c__SHA-98;o__UBA4971;f__UBA4971;g__UBA4971;s__	taxonomic classification defined by topology and ANI	91.76	N/A	N/A	CZCB01000884.131.1652 Bacteria;Firmicutes;Incertae Sedis;DTU014;anaerobic digester metagenome	r104-il	2021-11-02	Nanopore-Illumina	HQ	15.706314	33.525776	0.4136591	0.7028348	1929517	14156	0.733655106433372	N	Bacteria	 Firmicutes	0	0
bin.0026	1450	701	0	0	0	14	k__Bacteria (UID2328)	90.67	2.67	50	1571206	4	61	61	42314	42314	25757	25757	119207	119207	42.5	2.06	91.08	1454	d__Bacteria;p__Firmicutes;c__Bacilli;o__ML615J-28;f__CAG-313;g__UBA1427;s__UBA1427 sp002329485	99.58	0.84	GCA_002329485.1	99.58	0.84	d__Bacteria;p__Firmicutes;c__Bacilli;o__ML615J-28;f__CAG-313;g__UBA1427;s__	taxonomic classification defined by topology and ANI	82.05	N/A	N/A	NA	r104-il	2021-11-02	Nanopore-Illumina	MQ	10.646085	8.182413	0.28038725	0.17153622	529021	5589	1.05647979947866	N	Bacteria	 Firmicutes	0	0
bin.0027	2161	950	2	2	2	20	p__Firmicutes (UID239)	83.01	5.88	66.67	2302306	0	19	19	224040	224040	121174	121174	322005	322005	49.8	1.05	86.66	2098	d__Bacteria;p__Firmicutes_G;c__SHA-98;o__UBA4971;f__UBA4971;g__UBA4971;s__UBA4971 sp012841305	97.67	0.77	GCA_012841305.1	97.67	0.77	d__Bacteria;p__Firmicutes_G;c__SHA-98;o__UBA4971;f__UBA4971;g__UBA4971;s__	taxonomic classification defined by topology and ANI	85.84	N/A	N/A	HQ156080.1.1394 Bacteria;Firmicutes;Incertae Sedis;DTU014;uncultured prokaryote	r104-il	2021-11-02	Nanopore-Illumina	MQ	45.51351	95.03083	1.198695	1.9922276	2235266	44900	2.00870947797712	N	Bacteria	 Firmicutes	0	0
bin.0028	2441	1131	2	2	2	21	p__Firmicutes (UID241)	94.92	1.55	0	2507974	1	29	29	254340	254340	86481	86481	398673	398673	51.2	3.61	88.02	2408	d__Bacteria;p__DTU030;c__DTU030;o__DUMP01;f__DUMP01;g__DUNI01;s__DUNI01 sp012837285	99.09	0.91	GCA_012837285.1	99.09	0.91	d__Bacteria;p__DTU030;c__DTU030;o__DUMP01;f__DUMP01;g__DUNI01;s__	taxonomic classification defined by topology and ANI	93.29	N/A	N/A	HQ155055.1.1385 Bacteria;Firmicutes;Incertae Sedis;Gelria;uncultured prokaryote	r104-il	2021-11-02	Nanopore-Illumina	HQ	26.813286	61.33287	0.7061848	1.285783	2478969	22749	0.917679890309237	N	Bacteria	 Firmicutes	0	0
bin.0029	1363	710	1	1	1	19	k__Bacteria (UID2495)	68.13	3.3	66.67	1681285	3	67	67	34842	34842	25093	25093	86397	86397	50.9	1.69	87.98	1353	d__Bacteria;p__Cloacimonadota;c__Cloacimonadia;o__Cloacimonadales;f__Cloacimonadaceae;g__UBA3900;s__UBA3900 sp002391675	97.09	0.77	GCA_002391675.1	97.09	0.77	d__Bacteria;p__Cloacimonadota;c__Cloacimonadia;o__Cloacimonadales;f__Cloacimonadaceae;g__UBA3900;s__	taxonomic classification defined by topology and ANI	65.63	N/A	N/A	JX102010.1.1365 Bacteria;Cloacimonadota;Cloacimonadia;Cloacimonadales;W27;uncultured Cloacimonetes bacterium	r104-il	2021-11-02	Nanopore-Illumina	MQ	4.6781173	7.6039314	0.12320814	0.15940891	559551	25952	4.63800439995639	N	Bacteria	 Candidatus Cloacimonetes	0	0
bin.0030	1836	922	2	2	2	18	k__Bacteria (UID2328)	92	0	0	1827412	0	44	44	129276	129276	41532	41532	268467	268467	46.1	5.91	89.87	1760	d__Bacteria;p__Firmicutes;c__Bacilli;o__ML615J-28;f__CAG-698;g__DTU067;s__DTU067 sp001512995	99.5	0.84	GCA_001512995.1	99.5	0.84	d__Bacteria;p__Firmicutes;c__Bacilli;o__ML615J-28;f__CAG-698;g__DTU067;s__	taxonomic classification defined by topology and ANI	85.39	N/A	N/A	FN667374.1.1462 Bacteria;Firmicutes;Bacilli;Izemoplasmatales;uncultured compost bacterium	r104-il	2021-11-02	Nanopore-Illumina	HQ	17.977648	16.559814	0.47347954	0.34716016	1490605	7643	0.5127448250878	N	Bacteria	 Firmicutes	0	0
bin.0031	783	373	0	0	0	10	k__Bacteria (UID2328)	58.22	1.33	0	725550	5	61	61	15839	15839	11894	11894	37690	37690	30.1	1.68	91.13	823	d__Bacteria;p__Firmicutes;c__Bacilli;o__ML615J-28;f__CAG-698;g__DUNF01;s__	N/A	N/A	GCA_012839485.1	95.89	0.62	d__Bacteria;p__Firmicutes;c__Bacilli;o__ML615J-28;f__CAG-698;g__DUNF01;s__	taxonomic classification defined by topology and ANI	52.83	0.9989289107093576	Genome not assigned to closest species as it falls outside its pre-defined ANI radius	NA	r104-il	2021-11-02	Nanopore-Illumina	MQ	5.516893	2.7588944	0.14529909	0.057837505	11675	276	2.36402569593148	N	Bacteria	 Firmicutes	0	0
bin.0032	1767	855	1	1	1	19	k__Bacteria (UID2569)	82.33	1.08	0	2145884	7	88	88	33087	33087	24385	24384	105514	105514	46.2	1.78	92.79	1815	d__Bacteria;p__Bacteroidota;c__Bacteroidia;o__Bacteroidales;f__UBA1402;g__UBA1402;s__UBA1402 sp002305085	97.35	0.9	GCA_002305085.1	97.35	0.9	d__Bacteria;p__Bacteroidota;c__Bacteroidia;o__Bacteroidales;f__UBA1402;g__UBA1402;s__	taxonomic classification defined by topology and ANI	81.91	N/A	N/A	CR933182.2.1358 Bacteria;Bacteroidota;Bacteroidia;Bacteroidales;Dysgonomonadaceae;uncultured;uncultured bacterium	r104-il	2021-11-02	Nanopore-Illumina	MQ	5.6738806	6.59438	0.14943369	0.13824467	402078	4363	1.08511283880242	N	Bacteria	 Bacteroidetes	0	0
bin.0033	3760	2094	1	1	1	16	k__Bacteria (UID3187)	62.98	0	0	3982383	39	225	225	26985	26985	17699	17699	85665	85665	66.2	3.2	90.8	3865	d__Bacteria;p__Acidobacteriota;c__Acidobacteriae;o__Bryobacterales;f__Bryobacteraceae;g__;s__	N/A	N/A	N/A	N/A	N/A	d__Bacteria;p__Acidobacteriota;c__Acidobacteriae;o__Bryobacterales;f__Bryobacteraceae;g__;s__	taxonomic classification fully defined by topology	55.65	0.848455229147171	N/A	KF550883.1.1426 Bacteria;Acidobacteriota;Acidobacteriae;Solibacterales;Solibacteraceae;Candidatus Solibacter;uncultured bacterium	r104-il	2021-11-02	Nanopore-Illumina	MQ	4.3607154	3.6642804	0.11484869	0.07681803	145706	5100	3.50019903092529	N	Bacteria	 Acidobacteria	0	0
bin.0034	1848	914	1	1	1	19	o__Clostridiales (UID1120)	86.01	0.7	0	2043162	1	24	24	144558	144558	85131	85131	532117	532117	40	1.27	91.76	1821	d__Bacteria;p__Firmicutes_A;c__Clostridia;o__DUPQ01;f__DUPQ01;g__DUPQ01;s__DUPQ01 sp012838235	99.86	0.9	GCA_012838235.1	99.86	0.9	d__Bacteria;p__Firmicutes_A;c__Clostridia;o__DUPQ01;f__DUPQ01;g__DUPQ01;s__	taxonomic classification defined by topology and ANI	90.81	N/A	N/A	AB175382.1.1453 Bacteria;Firmicutes;Clostridia;Hungateiclostridiaceae;uncultured;uncultured bacterium	r104-il	2021-11-02	Nanopore-Illumina	MQ	9.856236	11.582391	0.2595849	0.2428134	1275308	1517	0.118951657168308	N	Bacteria	 Firmicutes	0	0
bin.0035	1401	659	0	0	0	11	p__Firmicutes (UID1022)	48.84	0.62	0	1459638	0	76	76	23979	23979	19205	19205	118785	118785	50.3	3.07	80.75	1476	d__Bacteria;p__Firmicutes_B;c__Desulfotomaculia;o__Desulfotomaculales;f__Pelotomaculaceae;g__DTU098;s__DTU098 sp002305915	98.99	0.77	GCA_002305915.1	98.99	0.77	d__Bacteria;p__Firmicutes_B;c__Desulfotomaculia;o__Desulfotomaculales;f__Pelotomaculaceae;g__DTU098;s__	taxonomic classification defined by topology and ANI	50.37	N/A	N/A	NA	r104-il	2021-11-02	Nanopore-Illumina	LQ	3.717848	6.763024	0.09791742	0.14178012	318997	3560	1.11599795609363	N	Bacteria	 Firmicutes	0	0
bin.0036	2035	915	2	2	2	19	p__Firmicutes (UID239)	90.1	0	0	2197008	0	25	25	114161	114161	87880	87880	218145	218145	48.3	0.75	87.94	2012	d__Bacteria;p__Firmicutes_E;c__DTU015;o__D8A-2;f__D2;g__;s__	N/A	N/A	N/A	N/A	N/A	d__Bacteria;p__Firmicutes_E;c__DTU015;o__D8A-2;f__D2;g__;s__	taxonomic novelty determined using RED	90.07	0.8803510311465275	N/A	KC333936.1.1493 Bacteria;Firmicutes;D8A-2;uncultured bacterium	r104-il	2021-11-02	Nanopore-Illumina	HQ	10.236994	26.171503	0.26961297	0.54865974	2134370	11391	0.533693783177237	N	Bacteria	 Firmicutes	0	0
bin.0037	1933	1045	1	1	1	17	f__Spirochaetaceae (UID2535)	83.48	1.77	75	1956758	16	109	109	27610	27610	17951	17951	83975	83969	38.4	2.07	89.86	2004	d__Bacteria;p__Spirochaetota;c__Spirochaetia;o__Treponematales;f__Treponemataceae;g__JAAZLA01;s__JAAZLA01 sp012799545	98.42	0.87	GCA_012799545.1	98.42	0.87	d__Bacteria;p__Spirochaetota;c__Spirochaetia;o__Treponematales;f__Treponemataceae;g__;s__	taxonomic classification defined by topology and ANI	77.21	N/A	N/A	HQ155463.1.1378 Bacteria;Spirochaetota;Spirochaetia;Spirochaetales;Spirochaetaceae;Treponema;uncultured prokaryote	r104-il	2021-11-02	Nanopore-Illumina	MQ	5.177846	5.01339	0.13636956	0.10510078	196532	4067	2.06938310300613	N	Bacteria	 Spirochaetes	0	0
bin.0038	2093	1060	1	1	1	17	p__Bacteroidetes (UID2605)	76.19	3.59	7.69	2359432	37	120	120	26181	26181	19661	19661	76586	76586	35.5	1.91	88.66	2148	d__Bacteria;p__Bacteroidota;c__Bacteroidia;o__Bacteroidales;f__GCA-2748055;g__;s__	N/A	N/A	N/A	N/A	N/A	d__Bacteria;p__Bacteroidota;c__Bacteroidia;o__Bacteroidales;f__;g__;s__	taxonomic novelty determined using RED	76.43	0.8304961353688489	N/A	GU389675.1.1243 Bacteria;Bacteroidota;Bacteroidia;Bacteroidales;SB-5;uncultured bacterium	r104-il	2021-11-02	Nanopore-Illumina	MQ	4.5813055	6.141009	0.1206584	0.12874019	454285	16451	3.62129500203617	N	Bacteria	 Bacteroidetes	0	0
bin.0039	2547	1442	3	3	4	19	o__Clostridiales (UID1120)	55.8	7.98	13.33	2496548	2	178	178	23450	23450	14025	14025	91304	91304	47.1	2.24	86.05	2623	d__Bacteria;p__Firmicutes_A;c__Clostridia;o__Peptostreptococcales;f__Anaerovoracaceae;g__UBA1426;s__	N/A	N/A	GCA_002385825.1	94.01	0.44	d__Bacteria;p__Firmicutes_A;c__Clostridia;o__Peptostreptococcales;f__Anaerovoracaceae;g__UBA1426;s__	taxonomic classification defined by topology and ANI	54.97	0.9874518593225574	N/A	JF417906.1.1502 Bacteria;Firmicutes;Clostridia;Hungateiclostridiaceae;uncultured;uncultured bacterium	r104-il	2021-11-02	Nanopore-Illumina	MQ	4.8035455	9.375205	0.12651157	0.19654192	941948	37681	4.00032698195654	N	Bacteria	 Firmicutes	0	0
bin.0040	2268	1250	1	1	1	20	k__Bacteria (UID2982)	91.39	2.73	50	2651385	2	24	24	244104	244104	110474	110474	631354	631354	59.6	1.69	90.15	2228	d__Bacteria;p__Verrucomicrobiota;c__Kiritimatiellae;o__LD1-PB3;f__Lenti-01;g__Lenti-01;s__Lenti-01 sp002304915	98.47	0.89	GCA_002304915.1	98.47	0.89	d__Bacteria;p__Verrucomicrobiota;c__Kiritimatiellae;o__LD1-PB3;f__Lenti-01;g__Lenti-01;s__	taxonomic classification defined by topology and ANI	87.93	N/A	N/A	CU920757.1.1398 Bacteria;Verrucomicrobiota;Verrucomicrobiae;LD1-PB3;uncultured bacterium	r104-il	2021-11-02	Nanopore-Illumina	HQ	49.19196	58.757256	1.2955747	1.2317879	2596010	14002	0.539366181178039	N	Bacteria	 Proteobacteria	0	0
bin.0041	647	338	1	1	0	16	k__Bacteria (UID2495)	47.88	0	0	652221	11	28	28	40912	40912	23293	23293	67759	67748	42.6	1.65	85.5	634	d__Bacteria;p__Patescibacteria;c__Microgenomatia;o__0-14-0-10-38-17;f__0-14-0-10-38-17;g__;s__	N/A	N/A	GCA_002774085.1	77.06	0.12	d__Bacteria;p__Patescibacteria;c__Microgenomatia;o__;f__;g__;s__	taxonomic classification defined by topology and ANI	44.63	0.7805568943977196	N/A	GU179974.1.1486 Bacteria;Patescibacteria;Microgenomatia;Candidatus Woesebacteria;uncultured Microgenomates group bacterium	r104-il	2021-11-02	Nanopore-Illumina	LQ	5.4146132	12.274124	0.14260533	0.25731492	432139	15828	3.66271037791081	N	Bacteria	 Proteobacteria	0	0
bin.0042	3020	1653	1	1	1	19	p__Bacteroidetes (UID2605)	98.1	1.43	0	3638674	0	13	13	513744	513744	279898	279898	1011267	1011267	44.3	1.35	88.51	3011	d__Bacteria;p__Bacteroidota;c__Bacteroidia;o__Bacteroidales;f__VadinHA17;g__LD21;s__LD21 sp012519515	99.22	0.93	GCA_012519515.1	99.22	0.93	d__Bacteria;p__Bacteroidota;c__Bacteroidia;o__Bacteroidales;f__VadinHA17;g__LD21;s__	taxonomic classification defined by topology and ANI	97.74	N/A	N/A	AB603812.1.1396 Bacteria;Bacteroidota;Bacteroidia;Bacteroidales;Bacteroidetes vadinHA17;uncultured Bacteroidetes bacterium	r104-il	2021-11-02	Nanopore-Illumina	HQ	15.664078	37.694866	0.41254675	0.7902357	3574056	34052	0.952755077144846	N	Bacteria	 Bacteroidetes	1	0
bin.0043	2806	1279	1	1	1	21	c__Deltaproteobacteria (UID3216)	93.55	3.23	0	2983320	0	11	11	651532	651532	271210	271210	1406354	1406354	63.3	1.82	87.49	2750	d__Bacteria;p__Desulfobacterota;c__Syntrophia;o__Syntrophales;f__UBA4778;g__UBA2192;s__UBA2192 sp012728915	99.91	0.98	GCA_012728915.1	99.91	0.98	d__Bacteria;p__Desulfobacterota;c__Syntrophia;o__Syntrophales;f__UBA4778;g__UBA2192;s__	taxonomic classification defined by topology and ANI	89.7	N/A	N/A	CU925038.1.1379 Bacteria;Desulfobacterota;Syntrophia;Syntrophales;uncultured;uncultured bacterium	r104-il	2021-11-02	Nanopore-Illumina	HQ	20.564693	30.726671	0.54161483	0.64415437	2960118	4426	0.149521066389921	N	Bacteria	 Proteobacteria	0	0
bin.0044	3128	1851	2	1	2	18	p__Firmicutes (UID239)	74.14	6.89	0	3211849	18	173	173	24687	24687	18565	18565	102567	102567	56.6	2.92	88.36	3139	d__Bacteria;p__Firmicutes_G;c__Limnochordia;o__DTU080;f__DTU080;g__DTU080;s__	N/A	N/A	GCA_001513395.1	76.95	0.12	d__Bacteria;p__Firmicutes_G;c__Limnochordia;o__DTU080;f__DTU080;g__;s__	taxonomic classification defined by topology and ANI	76.22	0.8842044694940245	N/A	AB818578.1.1495 Bacteria;Firmicutes;Incertae Sedis;DTU014;uncultured bacterium	r104-il	2021-11-02	Nanopore-Illumina	MQ	5.459822	8.455905	0.14379601	0.17726973	1168504	33649	2.87966493910162	N	Bacteria	 Firmicutes	0	0
bin.0045	1868	1016	0	0	0	15	k__Bacteria (UID2328)	80.12	0	0	1854558	43	207	207	13065	13065	8959	8959	63121	63121	39	1.8	88.38	1988	d__Bacteria;p__Firmicutes;c__Bacilli;o__ML615J-28;f__CAG-313;g__UBA1427;s__UBA1427 sp012838545	99.21	0.73	GCA_012838545.1	99.21	0.73	d__Bacteria;p__Firmicutes;c__Bacilli;o__ML615J-28;f__CAG-313;g__UBA1427;s__	taxonomic classification defined by topology and ANI	63.67	N/A	N/A	NA	r104-il	2021-11-02	Nanopore-Illumina	MQ	6.100272	4.5965004	0.16066362	0.09636109	173320	2937	1.69455342718671	N	Bacteria	 Firmicutes	0	0
bin.0046	747	403	1	1	1	19	k__Bacteria (UID203)	64.34	0	0	699418	0	19	19	58979	58979	36811	36811	137471	137471	33.4	1.22	91.01	715	d__Bacteria;p__Patescibacteria;c__Dojkabacteria;o__SC72;f__SC72;g__UBA5232;s__	N/A	N/A	GCA_012513575.1	78.6	0.28	d__Bacteria;p__Patescibacteria;c__Dojkabacteria;o__SC72;f__SC72;g__UBA5232;s__	taxonomic classification defined by topology and ANI	60.31	0.940099873917909	N/A	GU112185.1.1514 Bacteria;Patescibacteria;Dojkabacteria;uncultured bacterium	r104-il	2021-11-02	Nanopore-Illumina	MQ	7.144553	9.611359	0.18816698	0.20149265	348253	7992	2.29488331758808	N	Bacteria	 Firmicutes	0	0
bin.0047	1269	625	0	0	1	12	o__Clostridiales (UID1212)	51.85	0	0	1335902	10	54	54	40810	40800	24738	24738	105869	105869	46	2.13	89.74	1282	d__Bacteria;p__Firmicutes_A;c__Clostridia;o__Oscillospirales;f__Acutalibacteraceae;g__UBA1447;s__	N/A	N/A	GCA_002329225.1	98.01	0.59	d__Bacteria;p__Firmicutes_A;c__Clostridia;o__Oscillospirales;f__Acutalibacteraceae;g__UBA1447;s__	taxonomic classification defined by topology and ANI	53.23	0.9980140835886361	N/A	NA	r104-il	2021-11-02	Nanopore-Illumina	MQ	4.1810746	6.0795307	0.11011748	0.12745138	203407	683	0.335779987906021	N	Bacteria	 Firmicutes	0	0
bin.0048	2305	1076	2	0	1	18	p__Firmicutes (UID241)	53.84	5.47	26.67	2376503	15	192	192	18193	18193	12377	12377	70282	70282	48.9	1.56	87.26	2443	d__Bacteria;p__Firmicutes_G;c__Limnochordia;o__DTU087;f__DTU087;g__JAAZLW01;s__	N/A	N/A	GCA_012799135.1	84.28	0.45	d__Bacteria;p__Firmicutes_G;c__Limnochordia;o__DTU087;f__DTU087;g__;s__	taxonomic classification defined by topology and ANI	47.01	0.9377529253463166	N/A	HQ156138.1.1370 Bacteria;Firmicutes;Limnochordia;Limnochordales;uncultured;uncultured prokaryote	r104-il	2021-11-02	Nanopore-Illumina	MQ	5.2983646	7.2763395	0.13954368	0.15254128	710118	32201	4.534598475183	N	Bacteria	 Firmicutes	0	0
bin.0049	1787	865	2	2	2	20	p__Bacteroidetes (UID2605)	93.69	0.95	0	2001170	0	4	4	1360889	1360889	500292	500292	1360889	1360889	45.6	2.62	94.36	1757	d__Bacteria;p__Bacteroidota;c__Bacteroidia;o__Bacteroidales;f__UBA932;g__DMER64;s__	N/A	N/A	GCA_012839605.1	81.63	0.75	d__Bacteria;p__Bacteroidota;c__Bacteroidia;o__Bacteroidales;f__UBA932;g__DMER64;s__	taxonomic classification defined by topology and ANI	94.34	0.9874169894039478	Genome not assigned to closest species as it falls outside its pre-defined ANI radius	EF559196.1.1483 Bacteria;Bacteroidota;Bacteroidia;Bacteroidales;Rikenellaceae;uncultured;uncultured bacterium	r104-il	2021-11-02	Nanopore-Illumina	HQ	52.219078	91.7103	1.3753002	1.9226159	1965842	3086	0.15698107986298	N	Bacteria	 Bacteroidetes	0	0
bin.0050	2403	1408	2	2	2	20	p__Euryarchaeota (UID49)	98.04	0.65	0	2532671	0	1	1	2532671	2532671	2532671	2532671	2532671	2532671	53	0	85.15	2421	d__Archaea;p__Halobacteriota;c__Methanosarcinia;o__Methanotrichales;f__Methanotrichaceae;g__Methanothrix;s__	N/A	N/A	N/A	N/A	N/A	d__Archaea;p__Halobacteriota;c__Methanosarcinia;o__Methanotrichales;f__Methanotrichaceae;g__Methanothrix;s__	taxonomic classification defined by topology and ANI	97.5	0.9703731741207517	Genome not assigned to closest species as it falls outside its pre-defined ANI radius	AJ576227.1.1402 Archaea;Halobacterota;Methanosarcinia;Methanosarciniales;Methanosaetaceae;Methanosaeta;uncultured archaeon	r104-il	2021-11-02	Nanopore-Illumina	HQ	42.64757	89.756134	1.1232144	1.8816488	2532092	148	0.00584496929811397	Y	Archaea	 Euryarchaeota	0	0
bin.0051	2108	1170	1	1	1	20	k__Bacteria (UID1452)	98.08	1.82	0	2267454	0	55	55	268545	268545	41226	41226	706285	706285	47.1	3.84	90.79	2084	d__Bacteria;p__Chloroflexota;c__Anaerolineae;o__Anaerolineales;f__Anaerolineaceae;g__T78;s__T78 sp012839565	96.57	0.87	GCA_012839565.1	96.57	0.87	d__Bacteria;p__Chloroflexota;c__Anaerolineae;o__Anaerolineales;f__Anaerolineaceae;g__T78;s__	taxonomic classification defined by topology and ANI	89.42	N/A	N/A	JX542548.1.1459 Bacteria;Chloroflexi;Anaerolineae;Anaerolineales;Anaerolineaceae;uncultured;uncultured bacterium	r104-il	2021-11-02	Nanopore-Illumina	HQ	13.793168	18.63678	0.36327237	0.3907017	2038146	24013	1.17817859957039	N	Bacteria	 Chloroflexi	0	0
bin.0052	2461	1249	1	1	1	21	k__Bacteria (UID1452)	91.82	7.45	0	2758776	0	17	17	1766636	1766636	162280	162280	1766636	1766636	48.8	7.26	88.66	2429	d__Bacteria;p__Chloroflexota;c__Anaerolineae;o__Anaerolineales;f__Anaerolineaceae;g__Brevefilum;s__Brevefilum fermentans	99.93	0.99	GCF_900184705.1	99.93	0.99	d__Bacteria;p__Chloroflexota;c__Anaerolineae;o__Anaerolineales;f__Anaerolineaceae;g__Brevefilum;s__	taxonomic classification defined by topology and ANI	87.61	N/A	N/A	LT859958.676029.677531 Bacteria;Chloroflexi;Anaerolineae;Anaerolineales;Anaerolineaceae;ADurb.Bin120;Brevefilum fermentans	r104-il	2021-11-02	Nanopore-Illumina	MQ	83.452126	146.0283	2.1978889	3.0613394	2735068	15892	0.58104588258866	N	Bacteria	 Chloroflexi	0	0
bin.0053	1834	1003	2	2	2	18	p__Firmicutes (UID241)	55.01	1.27	50	1750915	12	142	142	15711	15711	12330	12330	63948	63948	43.6	1.08	85.52	1890	d__Bacteria;p__Firmicutes_G;c__UBA5435;o__UBA5435;f__;g__;s__	N/A	N/A	GCA_002426645.1	76.7	0.02	d__Bacteria;p__Firmicutes_G;c__;o__;f__;g__;s__	taxonomic classification defined by topology and ANI	62.62	0.5562597540832817	N/A	KP150725.1.1499 Bacteria;Firmicutes;Desulfitobacteriia;Desulfitobacteriales;uncultured;uncultured bacterium	r104-il	2021-11-02	Nanopore-Illumina	MQ	5.5809193	6.016165	0.14698535	0.12612297	371797	22748	6.11839256368395	N	Bacteria	 Firmicutes	0	0
bin.0054	1507	835	1	1	1	16	k__Bacteria (UID2569)	73.58	0	0	1623467	22	87	87	27410	27410	18660	18660	104601	104601	36.6	1.43	87.54	1566	d__Bacteria;p__Bacteroidota;c__Bacteroidia;o__Bacteroidales;f__WCHB1-69;g__DUOL01;s__DUOL01 sp012838875	98.27	0.75	GCA_012838875.1	98.27	0.75	d__Bacteria;p__Bacteroidota;c__Bacteroidia;o__Bacteroidales;f__WCHB1-69;g__;s__	taxonomic classification defined by topology and ANI	65.93	N/A	N/A	EF559158.1.1485 Bacteria;Bacteroidota;Bacteroidia;Bacteroidales;M2PB4-65 termite group;uncultured bacterium	r104-il	2021-11-02	Nanopore-Illumina	MQ	4.733495	5.6778	0.124666646	0.11902948	230415	3457	1.50033634963002	N	Bacteria	 Bacteroidetes	0	0
bin.0055	1704	988	1	1	1	20	p__Euryarchaeota (UID4)	91.97	1.98	0	1563369	0	5	5	797848	797848	312673	312673	797848	797848	34.1	1.08	90.25	1689	d__Archaea;p__Methanobacteriota;c__Thermococci;o__Methanofastidiosales;f__Methanofastidiosaceae;g__Methanofastidiosum;s__Methanofastidiosum sp012799835	98.11	0.79	GCA_012799835.1	98.11	0.79	d__Archaea;p__Methanobacteriota;c__Thermococci;o__Methanofastidiosales;f__Methanofastidiosaceae;g__Methanofastidiosum;s__	taxonomic classification defined by topology and ANI	92.49	N/A	N/A	CU916116.1.1312 Archaea;Euryarchaeota;Thermococci;Methanofastidiosales;Methanofastidiosaceae;Candidatus Methanofastidiosum;uncultured archaeon	r104-il	2021-11-02	Nanopore-Illumina	HQ	11.127504	16.338367	0.29306644	0.34251776	1344580	2671	0.198649392375314	N	Archaea	 Euryarchaeota	0	0
bin.0056	2209	1144	1	1	1	20	k__Bacteria (UID2569)	95.43	0.54	0	2854396	2	4	4	1653260	1653260	713599	713598	1653260	1653260	37.7	1.07	89.23	2190	d__Bacteria;p__Bacteroidota;c__Bacteroidia;o__Bacteroidales;f__4484-276;g__RZYY01;s__RZYY01 sp012516825	99.37	0.97	GCA_012516825.1	99.37	0.97	d__Bacteria;p__Bacteroidota;c__Bacteroidia;o__Bacteroidales;f__4484-276;g__RZYY01;s__	taxonomic classification defined by topology and ANI	95.85	N/A	N/A	FPLM01003243.14.1516 Bacteria;Bacteroidota;Bacteroidia;Sphingobacteriales;ST-12K33;metagenome	r104-il	2021-11-02	Nanopore-Illumina	HQ	143.89874	176.8368	3.7898788	3.7072093	2851761	852	0.0298762764481315	N	Bacteria	 Bacteroidetes	1	0
bin.0057	1869	803	2	2	2	19	k__Bacteria (UID2570)	97.81	0.55	100	2163608	0	17	17	237995	237995	127271	127271	408806	408806	41.8	1.08	89.52	1828	d__Bacteria;p__Bacteroidota;c__Bacteroidia;o__Bacteroidales;f__Dysgonomonadaceae;g__UBA4179;s__UBA4179 sp002381125	97.49	0.76	GCA_002381125.1	97.49	0.76	d__Bacteria;p__Bacteroidota;c__Bacteroidia;o__Bacteroidales;f__Dysgonomonadaceae;g__UBA4179;s__	taxonomic classification defined by topology and ANI	96.53	N/A	N/A	CZCA01000836.15.1544 Bacteria;Bacteroidota;Bacteroidia;Bacteroidales;Dysgonomonadaceae;Proteiniphilum;anaerobic digester metagenome	r104-il	2021-11-02	Nanopore-Illumina	HQ	21.857061	51.746807	0.5756521	1.0848207	2061780	35970	1.7446090271513	N	Bacteria	 Bacteroidetes	0	0
bin.0058	1227	519	1	1	2	19	c__Clostridia (UID1118)	77.37	0	0	1181464	4	86	86	20794	20794	13737	13737	88357	88357	51.5	2.8	86.98	1203	d__Bacteria;p__Firmicutes_A;c__Clostridia_A;o__Christensenellales;f__HGM11417;g__JAAYQN01;s__JAAYQN01 sp012519285	99.25	0.82	GCA_012519285.1	99.25	0.82	d__Bacteria;p__Firmicutes_A;c__Clostridia_A;o__Christensenellales;f__HGM11417;g__;s__	taxonomic classification defined by topology and ANI	75.16	N/A	N/A	KP150726.1.1472 Bacteria;Firmicutes;Clostridia;Clostridia vadinBB60 group;uncultured bacterium	r104-il	2021-11-02	Nanopore-Illumina	MQ	7.431717	7.502088	0.19573003	0.15727387	297488	3393	1.14055020706718	N	Bacteria	 Firmicutes	0	0
bin.0059	4352	2268	1	1	3	21	c__Clostridia (UID1118)	91.91	30.44	7.58	4157323	34	201	201	31041	31041	20683	20683	205635	205634	34.6	2.5	86.88	4420	d__Bacteria;p__Firmicutes_A;c__Clostridia;o__Lutisporales;f__Lutisporaceae;g__;s__	N/A	N/A	GCA_012522255.1	76.35	0.15	d__Bacteria;p__Firmicutes_A;c__Clostridia;o__Lutisporales;f__Lutisporaceae;g__;s__	taxonomic classification defined by topology and ANI	63.63	0.8313260265008163	Genome has more than 24.2% of markers with multiple hits	FJ535543.1.1610 Bacteria;Firmicutes;Clostridia;Gracilibacteraceae;Lutispora;uncultured bacterium	r104-il	2021-11-02	Nanopore-Illumina	Contaminated	6.0557375	7.966515	0.1594907	0.16701013	1490521	59461	3.98927623294137	N	Bacteria	 Firmicutes	3	0
bin.0060	758	290	0	0	0	16	k__Bacteria (UID1452)	38.91	0	0	666592	0	32	32	32105	32105	20831	20831	51809	51809	36	5.37	87.61	762	d__Bacteria;p__Actinobacteriota;c__UBA1414;o__UBA1414;f__UBA1414;g__;s__	N/A	N/A	N/A	N/A	N/A	d__Bacteria;p__Actinobacteriota;c__UBA1414;o__UBA1414;f__UBA1414;g__;s__	taxonomic novelty determined using RED	42.47	0.9154322830936592	N/A	NA	r104-il	2021-11-02	Nanopore-Illumina	LQ	3.5570436	3.1050646	0.09368229	0.06509462	12881	147	1.14121574411925	N	Bacteria	 Firmicutes	0	0
bin.0061	2034	1348	0	0	0	14	p__Euryarchaeota (UID54)	67.04	4.25	42.86	1743159	27	237	237	8750	8750	7355	7354	30236	30236	61.2	2.41	82.63	2182	d__Archaea;p__Halobacteriota;c__Methanomicrobia;o__Methanomicrobiales;f__Methanoculleaceae;g__Methanoculleus;s__Methanoculleus bourgensis	95.98	0.88	GCF_000304355.2	95.98	0.88	d__Archaea;p__Halobacteriota;c__Methanomicrobia;o__Methanomicrobiales;f__Methanoculleaceae;g__Methanoculleus;s__	taxonomic classification defined by topology and ANI	54.74	N/A	N/A	NA	r104-il	2021-11-02	Nanopore-Illumina	MQ	6.9070063	3.932754	0.18191068	0.082446314	129662	9098	7.01670497138715	N	Archaea	 Euryarchaeota	0	0
bin.0062	1471	636	0	0	0	13	o__Clostridiales (UID1212)	74.22	4.03	37.5	1533727	13	98	98	27450	27450	15650	15650	68570	68570	56.6	3.93	85.66	1486	d__Bacteria;p__Firmicutes_A;c__Clostridia;o__Oscillospirales;f__UMGS1783;g__;s__	N/A	N/A	GCA_900555065.1	75.07	0.03	d__Bacteria;p__Firmicutes_A;c__Clostridia;o__Oscillospirales;f__;g__;s__	taxonomic classification defined by topology and ANI	69.6	0.7559654434356682	N/A	NA	r104-il	2021-11-02	Nanopore-Illumina	MQ	4.047974	8.109732	0.10661199	0.17001253	478747	4461	0.931807405581654	N	Bacteria	 Firmicutes	0	0
bin.0063	2518	1199	2	2	2	20	k__Bacteria (UID2570)	97.27	1.64	66.67	2971298	23	39	39	117559	117559	76187	76186	240097	240097	49.2	3.23	89.86	2515	d__Bacteria;p__Bacteroidota;c__Bacteroidia;o__Bacteroidales;f__Dysgonomonadaceae;g__Petrimonas;s__Petrimonas mucosa	99.48	0.86	GCF_900095795.1	99.48	0.86	d__Bacteria;p__Bacteroidota;c__Bacteroidia;o__Bacteroidales;f__Dysgonomonadaceae;g__Petrimonas;s__	taxonomic classification defined by topology and ANI	93.73	N/A	N/A	LT608328.2822622.2824138 Bacteria;Bacteroidota;Bacteroidia;Bacteroidales;Dysgonomonadaceae;Petrimonas;Petrimonas mucosa	r104-il	2021-11-02	Nanopore-Illumina	HQ	24.726873	65.61752	0.6512347	1.3756065	2894137	6542	0.226043203898088	N	Bacteria	 Bacteroidetes	0	0
bin.0064	1915	709	3	3	0	20	k__Bacteria (UID209)	98.28	0	0	2072705	0	9	9	492627	492627	230300	230300	572644	572644	31.3	0.94	88.19	1846	d__Bacteria;p__Thermotogota;c__Thermotogae;o__Petrotogales;f__Petrotogaceae;g__Defluviitoga;s__Defluviitoga tunisiensis	98.84	0.9	GCF_000953715.1	98.84	0.9	d__Bacteria;p__Thermotogota;c__Thermotogae;o__Petrotogales;f__Petrotogaceae;g__;s__	taxonomic classification defined by topology and ANI	95.02	N/A	N/A	LN824141.1873567.1875066 Bacteria;Thermotogota;Thermotogae;Petrotogales;Petrotogaceae;Defluviitoga;Defluviitoga tunisiensis	r104-il	2021-11-02	Nanopore-Illumina	MQ	27.30546	25.926052	0.7191472	0.54351413	1947909	26614	1.36628559137003	N	Bacteria	 Thermotogae	0	0
bin.0065	2886	1350	0	0	1	15	p__Firmicutes (UID239)	74.26	34.29	4.76	2713843	27	219	219	18223	18223	12391	12391	68387	68387	56.2	1.85	88.94	3002	d__Bacteria;p__Firmicutes_G;c__Limnochordia;o__JAAZLZ01;f__JAAZLZ01;g__JAAZLZ01;s__JAAZLZ01 sp012799075	97.94	0.68	GCA_012799075.1	97.94	0.68	d__Bacteria;p__Firmicutes_G;c__Limnochordia;o__JAAZLZ01;f__JAAZLZ01;g__JAAZLZ01;s__	taxonomic classification defined by topology and ANI	46.71	N/A	Genome has more than 24.2% of markers with multiple hits	NA	r104-il	2021-11-02	Nanopore-Illumina	Contaminated	4.490165	7.3452663	0.11825803	0.15398626	726861	16658	2.29177242966675	N	Bacteria	 Firmicutes	0	0
bin.0066	1229	549	2	2	2	20	k__Bacteria (UID2328)	98	1.33	100	1361266	0	12	12	292274	292274	113438	113438	420553	420553	31.4	1.3	92.01	1195	d__Bacteria;p__Firmicutes;c__Bacilli;o__Acholeplasmatales;f__Acholeplasmataceae;g__DUQW01;s__DUQW01 sp012515785	97.9	0.92	GCA_012515785.1	97.9	0.92	d__Bacteria;p__Firmicutes;c__Bacilli;o__Acholeplasmatales;f__Acholeplasmataceae;g__DUQW01;s__	taxonomic classification defined by topology and ANI	85.29	N/A	N/A	GQ132727.1.1338 Bacteria;Firmicutes;Bacilli;Acholeplasmatales;Acholeplasmataceae;Acholeplasma;uncultured bacterium	r104-il	2021-11-02	Nanopore-Illumina	HQ	62.203377	36.077488	1.638258	0.75632894	1327750	5488	0.413330822820561	N	Bacteria	 Tenericutes	0	0
bin.0067	2345	991	4	3	3	20	p__Firmicutes (UID241)	86.41	5.65	9.09	2330921	3	92	92	42676	42676	25336	25336	167313	167313	52.8	2.15	90.93	2380	d__Bacteria;p__Firmicutes_G;c__Limnochordia;o__DTU010;f__DTU010;g__UBA5420;s__UBA5420 sp012518325	99.53	0.9	GCA_012518325.1	99.53	0.9	d__Bacteria;p__Firmicutes_G;c__Limnochordia;o__DTU010;f__DTU010;g__UBA5420;s__	taxonomic classification defined by topology and ANI	86.48	N/A	N/A	HQ156145.1.1410 Bacteria;Firmicutes;Limnochordia;MBA03;uncultured prokaryote	r104-il	2021-11-02	Nanopore-Illumina	MQ	8.400585	16.054651	0.22124724	0.33656994	2031956	11757	0.578605048534515	N	Bacteria	 Firmicutes	0	0
bin.0068	1404	808	0	0	0	10	k__Bacteria (UID238)	46.44	10.26	0	1327370	58	116	116	14865	14865	11442	11442	46826	46822	37.7	9.01	84.96	1502	d__Bacteria;p__Patescibacteria;c__Paceibacteria;o__UBA6257;f__;g__;s__	N/A	N/A	N/A	N/A	N/A	d__Bacteria;p__Patescibacteria;c__Paceibacteria;o__UBA6257;f__;g__;s__	taxonomic novelty determined using RED	33.97	0.6959643291791872	N/A	NA	r104-il	2021-11-02	Nanopore-Illumina	Contaminated	3.7443552	4.379485	0.09861554	0.09181159	97046	2717	2.79970323351813	N	Bacteria	 Firmicutes	0	0
bin.0069	1830	1096	0	0	0	13	k__Bacteria (UID2569)	64.31	1.08	50	1790895	22	110	110	23459	23459	16280	16280	63467	63467	30.7	1.36	86.88	1905	d__Bacteria;p__Bacteroidota;c__Bacteroidia;o__Bacteroidales;f__ML635J-15;g__Bact-19;s__Bact-19 sp002412425	98.81	0.87	GCA_002412425.1	98.81	0.87	d__Bacteria;p__Bacteroidota;c__Bacteroidia;o__Bacteroidales;f__ML635J-15;g__Bact-19;s__	taxonomic classification defined by topology and ANI	56.74	N/A	N/A	NA	r104-il	2021-11-02	Nanopore-Illumina	MQ	4.380051	2.8993945	0.11535795	0.06078295	43848	956	2.1802590768108	N	Bacteria	 Bacteroidetes	1	0
bin.0070	1960	932	1	1	1	19	k__Bacteria (UID2569)	100	0.81	0	2369208	1	3	3	2342602	2342601	789736	789735	2342602	2342601	33.3	1.69	86.04	1908	d__Bacteria;p__Bacteroidota;c__Bacteroidia;o__Bacteroidales;f__Paludibacteraceae;g__MVYY01;s__	N/A	N/A	N/A	N/A	N/A	d__Bacteria;p__Bacteroidota;c__Bacteroidia;o__Bacteroidales;f__Paludibacteraceae;g__;s__	taxonomic novelty determined using RED	97.78	0.9355448042077623	N/A	CU924061.1.1354 Bacteria;Bacteroidota;Bacteroidia;Bacteroidales;Paludibacteraceae;uncultured;uncultured bacterium	r104-il	2021-11-02	Nanopore-Illumina	HQ	33.178528	44.964653	0.8738269	0.9426395	2360312	349	0.0147861808099946	N	Bacteria	 Bacteroidetes	0	0
bin.0071	1378	643	1	1	1	19	o__Clostridiales (UID1212)	60	0.45	66.67	1417052	14	71	71	40405	40405	19958	19958	125871	125871	45.7	3.01	87.36	1386	d__Bacteria;p__Firmicutes_A;c__Clostridia;o__Oscillospirales;f__Oscillospiraceae;g__UBA5446;s__	N/A	N/A	GCA_012513005.1	77.15	0.04	d__Bacteria;p__Firmicutes_A;c__Clostridia;o__Oscillospirales;f__Oscillospiraceae;g__UBA5446;s__	taxonomic classification defined by topology and ANI	56.64	0.9436595760279445	N/A	JX528164.1.1426 Bacteria;Firmicutes;Clostridia;Oscillospirales;uncultured;uncultured Ruminococcaceae bacterium	r104-il	2021-11-02	Nanopore-Illumina	MQ	5.3686547	7.8331485	0.14139491	0.16421424	392963	1845	0.469509852072587	N	Bacteria	 Firmicutes	1	0
bin.0072	2071	925	0	0	0	12	k__Bacteria (UID209)	79.82	2.54	50	2110362	7	137	137	21530	21530	15404	15404	113926	113926	38.6	1.91	83.33	2085	d__Bacteria;p__Caldatribacteriota;c__Caldatribacteriia;o__Caldatribacteriales;f__UBA8910;g__UBA8910;s__UBA8910 sp002069605	98.81	0.76	GCA_002069605.1	98.81	0.76	d__Bacteria;p__Caldatribacteriota;c__Caldatribacteriia;o__Caldatribacteriales;f__UBA8910;g__UBA8910;s__	taxonomic classification defined by topology and ANI	69.9	N/A	N/A	NA	r104-il	2021-11-02	Nanopore-Illumina	MQ	5.2830687	7.326483	0.13914083	0.15359248	584546	10215	1.74751003342765	N	Bacteria	 Firmicutes	1	0
bin.0073	3176	1610	2	0	1	19	p__Firmicutes (UID239)	74.02	10.29	38.46	3112700	39	201	201	21379	21379	15486	15485	131964	131964	49.7	1.25	87.34	3280	d__Bacteria;p__Firmicutes_G;c__Limnochordia;o__DTU087;f__DTU087;g__JAAYSL01;s__	N/A	N/A	GCA_012518315.1	92.6	0.65	d__Bacteria;p__Firmicutes_G;c__Limnochordia;o__DTU087;f__DTU087;g__;s__	taxonomic classification defined by topology and ANI	65.04	0.9679745229989988	Genome has more than 10.8% of markers with multiple hits	HQ156138.1.1370 Bacteria;Firmicutes;Limnochordia;Limnochordales;uncultured;uncultured prokaryote	r104-il	2021-11-02	Nanopore-Illumina	Contaminated	5.7881203	8.025042	0.15244244	0.16823708	1174318	73203	6.23366072903592	N	Bacteria	 Firmicutes	0	0
bin.0074	1141	419	1	1	1	20	k__Bacteria (UID2565)	76.37	1.08	0	1082827	10	30	30	64318	64318	36094	36093	184234	184234	40.7	1.73	91.45	1121	d__Bacteria;p__Ratteibacteria;c__UBA8468;o__B48-G9;f__B48-G9;g__JAAYXZ01;s__JAAYXZ01 sp012515635	99.23	0.9	GCA_012515635.1	99.23	0.9	d__Bacteria;p__Ratteibacteria;c__UBA8468;o__B48-G9;f__B48-G9;g__;s__	taxonomic classification defined by topology and ANI	66.85	N/A	N/A	AB924405.1.1476 Bacteria;uncultured;uncultured bacterium	r104-il	2021-11-02	Nanopore-Illumina	MQ	5.723234	8.092863	0.15073352	0.16965888	335966	2037	0.606311352934523	N	Bacteria	 Proteobacteria	0	0
bin.0075	1111	577	0	1	1	12	p__Bacteroidetes (UID2605)	40.71	0	0	1244868	3	56	56	30163	30163	22229	22229	94778	94778	49.5	1.8	89.76	1135	d__Bacteria;p__Bacteroidota;c__Bacteroidia;o__Bacteroidales;f__VadinHA17;g__SR-FBR-E99;s__SR-FBR-E99 sp009881065	98.08	0.71	GCA_009881065.1	98.08	0.71	d__Bacteria;p__Bacteroidota;c__Bacteroidia;o__Bacteroidales;f__VadinHA17;g__SR-FBR-E99;s__	taxonomic classification defined by topology and ANI	37.4	N/A	N/A	NA	r104-il	2021-11-02	Nanopore-Illumina	LQ	3.5849807	6.86632	0.09441807	0.14394563	274494	3843	1.40003060176179	N	Bacteria	 Bacteroidetes	0	0
bin.0076	1676	695	1	1	2	19	p__Firmicutes (UID239)	88.12	0	0	1767236	0	19	19	260273	260273	93012	93012	384984	384984	47.1	0.97	88.61	1651	d__Bacteria;p__Firmicutes_E;c__DTU015;o__D8A-2;f__D2;g__UBA3907;s__	N/A	N/A	GCA_002391545.1	82.29	0.25	d__Bacteria;p__Firmicutes_E;c__DTU015;o__D8A-2;f__D2;g__;s__	taxonomic classification defined by topology and ANI	89.95	0.9263948915461577	N/A	CU919470.1.1354 Bacteria;Firmicutes;D8A-2;uncultured bacterium	r104-il	2021-11-02	Nanopore-Illumina	MQ	9.12788	19.95835	0.24040209	0.41840714	1609098	41267	2.56460451756201	N	Bacteria	 Firmicutes	0	0
bin.0077	2472	1083	2	2	2	20	o__Actinomycetales (UID1697)	93.52	1.42	50	2747973	0	11	11	568120	568120	249815	249815	681817	681817	66	2.99	90.74	2447	d__Bacteria;p__Actinobacteriota;c__Actinomycetia;o__Propionibacteriales;f__Propionibacteriaceae;g__Brevilactibacter;s__	N/A	N/A	N/A	N/A	N/A	d__Bacteria;p__Actinobacteriota;c__Actinomycetia;o__Propionibacteriales;f__Propionibacteriaceae;g__;s__	taxonomic novelty determined using RED	97.52	0.9245742688552558	N/A	AB637325.1.1476 Bacteria;Actinobacteriota;Actinobacteria;Propionibacteriales;Propionibacteriaceae;Propioniciclava;uncultured bacterium	r104-il	2021-11-02	Nanopore-Illumina	HQ	12.686896	18.09499	0.33413634	0.37934363	2432636	1095	0.0450128995871146	N	Bacteria	 Actinobacteria	0	0
bin.0078	1799	814	2	2	1	19	k__Bacteria (UID2328)	93.33	1.33	0	1897976	0	19	19	228961	228961	99893	99893	358439	358439	36.1	1.2	90.95	1763	d__Bacteria;p__Firmicutes;c__Bacilli;o__ML615J-28;f__CAG-698;g__DTU067;s__DTU067 sp012841865	98.77	0.85	GCA_012841865.1	98.77	0.85	d__Bacteria;p__Firmicutes;c__Bacilli;o__ML615J-28;f__CAG-698;g__DTU067;s__	taxonomic classification defined by topology and ANI	88.56	N/A	N/A	FN667374.1.1462 Bacteria;Firmicutes;Bacilli;Izemoplasmatales;uncultured compost bacterium	r104-il	2021-11-02	Nanopore-Illumina	HQ	19.549742	15.182652	0.51488394	0.31828937	1497704	5672	0.378713016724266	N	Bacteria	 Firmicutes	0	0
bin.0079	2158	1259	2	1	1	19	k__Bacteria (UID2569)	92.47	2.71	50	2345946	13	119	119	40681	40681	19713	19713	138061	138061	33.5	4.17	89.68	2164	d__Bacteria;p__Bacteroidota;c__Bacteroidia;o__Bacteroidales;f__WCHB1-69;g__UBA5266;s__UBA5266 sp012519525	99.51	0.89	GCA_012519525.1	99.51	0.89	d__Bacteria;p__Bacteroidota;c__Bacteroidia;o__Bacteroidales;f__WCHB1-69;g__UBA5266;s__	taxonomic classification defined by topology and ANI	91.03	N/A	N/A	CU917673.1.1356 Bacteria;Bacteroidota;Bacteroidia;Bacteroidales;GZKB124;uncultured bacterium	r104-il	2021-11-02	Nanopore-Illumina	HQ	7.559601	7.1079535	0.19909813	0.14901124	583243	3651	0.625982652170708	N	Bacteria	 Bacteroidetes	0	0
bin.0080	1090	609	0	0	0	8	k__Bacteria (UID2495)	40.76	1.12	0	1090258	3	49	49	27431	27431	22250	22250	54228	54228	44.7	2.37	87.5	1117	d__Bacteria;p__Spirochaetota;c__UBA4802;o__UBA4802;f__UBA5550;g__JAAYBQ01;s__	N/A	N/A	GCA_012730035.1	88.47	0.72	d__Bacteria;p__Spirochaetota;c__UBA4802;o__UBA4802;f__UBA5550;g__;s__	taxonomic classification defined by topology and ANI	45.66	0.9715618017456382	Genome not assigned to closest species as it falls outside its pre-defined ANI radius	NA	r104-il	2021-11-02	Nanopore-Illumina	LQ	3.3233008	5.6626997	0.08752617	0.11871291	135253	504	0.372634987763673	N	Bacteria	 Proteobacteria	0	0
bin.0081	2096	1037	2	2	2	19	o__Clostridiales (UID1212)	91.78	1.88	0	2347728	0	24	24	161409	161409	97822	97822	302166	302166	52.2	2.28	87.6	2079	d__Bacteria;p__Firmicutes_A;c__Clostridia;o__Oscillospirales;f__CAG-272;g__DTU078;s__DTU078 sp002385415	99.82	0.96	GCA_002385415.1	99.82	0.96	d__Bacteria;p__Firmicutes_A;c__Clostridia;o__Oscillospirales;f__CAG-272;g__DTU078;s__	taxonomic classification defined by topology and ANI	90.89	N/A	N/A	EU878312.1.1514 Bacteria;Firmicutes;Clostridia;Oscillospirales;UCG-010;uncultured bacterium	r104-il	2021-11-02	Nanopore-Illumina	HQ	10.475677	14.5718975	0.27589917	0.30548546	1943795	14054	0.723018631079924	N	Bacteria	 Firmicutes	0	0
bin.0082	2112	988	3	3	3	20	p__Firmicutes (UID239)	91.09	6.44	30	2269877	0	16	16	184031	184031	141867	141867	576758	576758	49.1	0.92	87.18	2066	d__Bacteria;p__Firmicutes_E;c__DTU015;o__D8A-2;f__D2;g__;s__	N/A	N/A	N/A	N/A	N/A	d__Bacteria;p__Firmicutes_E;c__DTU015;o__D8A-2;f__D2;g__;s__	taxonomic novelty determined using RED	86.64	0.8779948540400127	N/A	KC333936.1.1493 Bacteria;Firmicutes;D8A-2;uncultured bacterium	r104-il	2021-11-02	Nanopore-Illumina	MQ	30.224342	68.9312	0.79602224	1.4450746	2233110	39182	1.75459336978474	N	Bacteria	 Firmicutes	0	0
bin.0083	2749	1259	4	4	4	21	p__Firmicutes (UID241)	94.89	5.16	30	2724789	14	60	60	249248	249248	45413	45412	660655	660655	57.5	8.09	89.91	2682	d__Bacteria;p__Firmicutes_G;c__Limnochordia;o__DTU010;f__DTU010;g__DTU010;s__DTU010 sp002391385	99.82	0.98	GCA_002391385.1	99.82	0.98	d__Bacteria;p__Firmicutes_G;c__Limnochordia;o__DTU010;f__DTU010;g__DTU010;s__	taxonomic classification defined by topology and ANI	87.57	N/A	N/A	CZCA01001080.28.1546 Bacteria;Firmicutes;Limnochordia;MBA03;anaerobic digester metagenome	r104-il	2021-11-02	Nanopore-Illumina	MQ	21.00187	44.929276	0.55312884	0.9418979	2637825	10593	0.40158084785761	N	Bacteria	 Firmicutes	0	0
bin.0084	3890	2314	2	1	1	20	k__Bacteria (UID2565)	96.59	2.84	100	4636287	37	74	74	132594	132594	62652	62652	318223	318223	59.4	2.76	87.76	3916	d__Bacteria;p__Planctomycetota;c__Phycisphaerae;o__Sedimentisphaerales;f__Anaerohalophaeraceae;g__B28-G16;s__	N/A	N/A	GCA_003644175.1	76.21	0.11	d__Bacteria;p__Planctomycetota;c__Phycisphaerae;o__Sedimentisphaerales;f__Anaerohalophaeraceae;g__;s__	taxonomic classification defined by topology and ANI	85.09	0.893662080449674	N/A	KT223178.1.1480 Bacteria;Planctomycetota;Phycisphaerae;MSBL9;SG8-4;uncultured bacterium	r104-il	2021-11-02	Nanopore-Illumina	HQ	11.52566	15.506165	0.30355272	0.32507145	3880769	8890	0.229078308964022	N	Bacteria	 Planctomycetes	0	0
bin.0085	977	451	1	1	1	18	k__Bacteria (UID2329)	88.52	3.8	83.33	969230	3	100	100	14287	14287	9692	9692	45753	45753	33.2	2.43	90.33	998	d__Bacteria;p__Firmicutes;c__Bacilli;o__RFN20;f__CAG-826;g__JAAYSA01;s__JAAYSA01 sp012518455	96.39	0.75	GCA_012518455.1	96.39	0.75	d__Bacteria;p__Firmicutes;c__Bacilli;o__RFN20;f__CAG-826;g__;s__	taxonomic classification defined by topology and ANI	70.9	N/A	N/A	FJ205853.1.1308 Bacteria;Firmicutes;Bacilli;Erysipelotrichales;Erysipelatoclostridiaceae;UCG-004;uncultured bacterium	r104-il	2021-11-02	Nanopore-Illumina	MQ	7.433522	5.381387	0.19577758	0.11281548	94807	759	0.800573797293449	N	Bacteria	 Firmicutes	0	0
bin.0086	1693	742	2	4	2	19	k__Bacteria (UID2495)	75.94	2.27	0	1712013	13	122	122	19100	19100	14032	14032	90148	90148	47.3	2.55	91.63	1737	d__Bacteria;p__Spirochaetota;c__Spirochaetia;o__Sphaerochaetales;f__Sphaerochaetaceae;g__DUOJ01;s__DUOJ01 sp012838895	99.02	0.77	GCA_012838895.1	99.02	0.77	d__Bacteria;p__Spirochaetota;c__Spirochaetia;o__Sphaerochaetales;f__Sphaerochaetaceae;g__;s__	taxonomic classification defined by topology and ANI	66.21	N/A	N/A	HQ154946.1.1407 Bacteria;Spirochaetota;Spirochaetia;Spirochaetales;Spirochaetaceae;Sphaerochaeta;uncultured prokaryote	r104-il	2021-11-02	Nanopore-Illumina	MQ	6.980188	7.099677	0.18383805	0.14883773	441273	6362	1.44173788108495	N	Bacteria	 Spirochaetes	0	0
bin.0087	1602	680	2	4	3	19	c__Clostridia (UID1118)	65.46	3.81	91.67	1452400	25	108	108	16416	16416	13448	13447	57322	57322	49.7	2.37	86.44	1602	d__Bacteria;p__Firmicutes_A;c__Ch29;o__Ch29;f__Ch29;g__JAAYEV01;s__	N/A	N/A	GCA_012728565.1	94.51	0.71	d__Bacteria;p__Firmicutes_A;c__Ch29;o__Ch29;f__Ch29;g__JAAYEV01;s__	taxonomic classification defined by topology and ANI	64.07	0.9868615086259958	Genome not assigned to closest species as it falls outside its pre-defined ANI radius	KP151149.1.1549 Bacteria;Firmicutes;Clostridia;Caldicoprobacterales;Caldicoprobacteraceae;Caldicoprobacter;uncultured bacterium	r104-il	2021-11-02	Nanopore-Illumina	MQ	4.7523575	8.305605	0.12516342	0.17411882	523712	26163	4.99568465110595	N	Bacteria	 Firmicutes	0	0
bin.0088	3070	1442	2	2	2	20	c__Deltaproteobacteria (UID3216)	89.03	4.19	12.5	3277870	1	62	62	136271	136271	52868	52868	359414	359413	57.4	5.91	86.65	3023	d__Bacteria;p__Desulfobacterota;c__Desulfomonilia;o__UBA1062;f__UBA1062;g__UBA1062;s__UBA1062 sp001896555	99.38	0.88	GCA_001896555.1	99.38	0.88	d__Bacteria;p__Desulfobacterota;c__Desulfomonilia;o__UBA1062;f__UBA1062;g__UBA1062;s__	taxonomic classification defined by topology and ANI	84.16	N/A	N/A	KT167036.1.1386 Bacteria;SAR324 clade(Marine group B);uncultured bacterium	r104-il	2021-11-02	Nanopore-Illumina	MQ	8.519963	11.812405	0.22439133	0.24763541	2157462	12153	0.563300767290455	N	Bacteria	 Proteobacteria	0	0
bin.0089	1577	767	2	2	2	20	c__Clostridia (UID1118)	85.75	1.61	50	2096847	0	7	7	1069908	1069908	299549	299549	1069908	1069908	32	1.03	88.52	1517	d__Bacteria;p__Firmicutes_A;c__Clostridia_A;o__Christensenellales;f__DTU072;g__JAAZJD01;s__JAAZJD01 sp012800525	99.48	0.96	GCA_012800525.1	99.48	0.96	d__Bacteria;p__Firmicutes_A;c__Clostridia_A;o__Christensenellales;f__DTU072;g__JAAZJD01;s__	taxonomic classification defined by topology and ANI	87.75	N/A	N/A	GQ136544.1.1337 Bacteria;Firmicutes;Clostridia;Clostridia vadinBB60 group;uncultured bacterium	r104-il	2021-11-02	Nanopore-Illumina	MQ	51.273846	22.94595	1.3504056	0.48103923	2012751	1322	0.0656812491957525	N	Bacteria	 Firmicutes	0	0
bin.0090	2844	1452	4	5	4	21	p__Firmicutes (UID241)	94.07	3.39	0	2829888	0	128	128	76386	76386	22108	22108	214888	214888	52	3.6	87.73	2802	d__Bacteria;p__Firmicutes_H;c__UBA994;o__UBA994;f__UBA5500;g__UBA5500;s__	N/A	N/A	GCA_012727835.1	81.04	0.59	d__Bacteria;p__Firmicutes_H;c__UBA994;o__UBA994;f__UBA5500;g__UBA5500;s__	taxonomic classification defined by topology and ANI	91.78	0.9233659599812404	N/A	KC333938.1.1497 Bacteria;Firmicutes;Desulfotomaculia;Desulfotomaculales;Pelotomaculum;uncultured bacterium	r104-il	2021-11-02	Nanopore-Illumina	HQ	8.843031	16.90009	0.23289998	0.3542937	2359608	18443	0.781612878071273	N	Bacteria	 Firmicutes	0	0
bin.0091	2923	1404	1	1	1	21	c__Deltaproteobacteria (UID3216)	95.48	3.23	40	3201777	3	17	17	919274	919274	188339	188339	1151062	1151062	50.9	3.18	87.14	2924	d__Bacteria;p__Desulfobacterota;c__Syntrophia;o__Syntrophales;f__Smithellaceae;g__UBA8904;s__	N/A	N/A	GCA_012522275.1	80.85	0.7	d__Bacteria;p__Desulfobacterota;c__Syntrophia;o__Syntrophales;f__Smithellaceae;g__UBA8904;s__	taxonomic classification defined by topology and ANI	91.07	0.9864306282041053	Genome not assigned to closest species as it falls outside its pre-defined ANI radius	FPLM01005714.1.1420 Bacteria;Desulfobacterota;Syntrophia;Syntrophales;Smithellaceae;Smithella;metagenome	r104-il	2021-11-02	Nanopore-Illumina	HQ	151.37488	192.93457	3.9867785	4.0446835	3174831	11365	0.357971810153044	N	Bacteria	 Proteobacteria	0	0
bin.0092	3243	1775	1	1	2	19	p__Bacteroidetes (UID2605)	96.27	2.54	0	3936105	0	33	33	195157	195157	119275	119275	609037	609037	45	2.32	90.81	3191	d__Bacteria;p__Bacteroidota;c__Bacteroidia;o__Bacteroidales;f__VadinHA17;g__LD21;s__	N/A	N/A	GCA_012522155.1	83.63	0.88	d__Bacteria;p__Bacteroidota;c__Bacteroidia;o__Bacteroidales;f__VadinHA17;g__LD21;s__	taxonomic classification defined by topology and ANI	93.77	0.9851107409155696	Genome not assigned to closest species as it falls outside its pre-defined ANI radius	KF990102.1.1488 Bacteria;Bacteroidota;Bacteroidia;Bacteroidales;Bacteroidetes vadinHA17;uncultured bacterium	r104-il	2021-11-02	Nanopore-Illumina	HQ	21.463636	54.024075	0.56529045	1.1325614	3905380	67698	1.73345487506978	N	Bacteria	 Bacteroidetes	0	0
bin.0093	995	724	1	1	1	20	k__Archaea (UID2)	78.04	1.15	0	966417	6	27	27	119386	119386	35793	35793	267541	267541	30.3	1.65	85.04	989	d__Archaea;p__Iainarchaeota;c__Iainarchaeia;o__Iainarchaeales;f__JAAZKV01;g__JAAZKV01;s__JAAZKV01 sp012799645	99.8	0.96	GCA_012799645.1	99.8	0.96	d__Archaea;p__Iainarchaeota;c__Iainarchaeia;o__Iainarchaeales;f__JAAZKV01;g__JAAZKV01;s__	taxonomic classification defined by topology and ANI	69.65	N/A	N/A	FPLP01009330.1.1415 Archaea;Iainarchaeota;Iainarchaeia;Iainarchaeales;Candidatus Iainarchaeum;metagenome	r104-il	2021-11-02	Nanopore-Illumina	MQ	14.945763	6.261728	0.3936284	0.13127095	190135	828	0.435480053646094	N	Archaea	 Euryarchaeota	0	0
bin.0094	2292	1086	1	2	2	18	k__Bacteria (UID209)	81.2	5.08	50	2339565	18	88	88	62838	62838	26585	26585	517948	517948	60.1	4.58	89.07	2283	d__Bacteria;p__Synergistota;c__Synergistia;o__Synergistales;f__Thermovirgaceae;g__58-81;s__58-81 sp002070395	97.58	0.77	GCA_002070395.1	97.58	0.77	d__Bacteria;p__Synergistota;c__Synergistia;o__Synergistales;f__Thermovirgaceae;g__58-81;s__	taxonomic classification defined by topology and ANI	71.79	N/A	Genome has more than 10.0% of markers with multiple hits	FPLM01000554.1.1353 Bacteria;Synergistota;Synergistia;Synergistales;Synergistaceae;Thermovirga;metagenome	r104-il	2021-11-02	Nanopore-Illumina	MQ	12.265754	20.445713	0.32304466	0.42862418	1784870	46544	2.60769691910335	N	Bacteria	 Synergistetes	0	0
bin.0095	2947	1574	2	2	2	20	k__Bacteria (UID2569)	94.35	2.69	28.57	3325618	65	126	126	50731	50718	26393	26393	326840	326840	41.7	4.61	88.38	2991	d__Bacteria;p__Bacteroidota;c__Bacteroidia;o__Bacteroidales;f__Prolixibacteraceae;g__Mariniphaga;s__	N/A	N/A	N/A	N/A	N/A	d__Bacteria;p__Bacteroidota;c__Bacteroidia;o__Bacteroidales;f__Prolixibacteraceae;g__;s__	taxonomic novelty determined using RED	84.91	0.9467446928008277	N/A	HQ183937.1.1486 Bacteria;Bacteroidota;Bacteroidia;Bacteroidales;Prolixibacteraceae;Mariniphaga;uncultured Bacteroidetes bacterium	r104-il	2021-11-02	Nanopore-Illumina	HQ	6.0238914	8.370565	0.15865196	0.17548066	1217451	9230	0.758141395423717	N	Bacteria	 Bacteroidetes	0	0
bin.0096	829	463	1	2	1	20	k__Bacteria (UID203)	79.6	0	0	717531	0	8	8	576763	576763	89691	89691	576763	576763	32.7	1.68	92.67	806	d__Bacteria;p__Patescibacteria;c__Paceibacteria;o__Paceibacterales;f__UBA5633;g__JAAZMU01;s__JAAZMU01 sp012798645	99.16	0.97	GCA_012798645.1	99.16	0.97	d__Bacteria;p__Patescibacteria;c__Paceibacteria;o__Paceibacterales;f__UBA5633;g__;s__	taxonomic classification defined by topology and ANI	66.57	N/A	N/A	CR933068.6.1306 Bacteria;Patescibacteria;Parcubacteria;32-520;uncultured bacterium	r104-il	2021-11-02	Nanopore-Illumina	MQ	23.772139	23.459608	0.62608975	0.49180755	662496	9379	1.41570666087041	N	Bacteria	 Unclassified	0	0
bin.0097	1292	661	1	1	1	18	k__Bacteria (UID2329)	98.88	6.18	100	1327671	10	23	23	135646	135646	57724	57724	337570	337570	35.9	1.76	91.17	1251	d__Bacteria;p__Firmicutes;c__Bacilli;o__RFN20;f__CAG-826;g__UBA1361;s__UBA1361 sp002306335	99.24	0.91	GCA_002306335.1	99.24	0.91	d__Bacteria;p__Firmicutes;c__Bacilli;o__RFN20;f__CAG-826;g__UBA1361;s__	taxonomic classification defined by topology and ANI	84.38	N/A	N/A	MWCB01000006.811.2332 Bacteria;Firmicutes;Bacilli;Erysipelotrichales;Erysipelatoclostridiaceae;UCG-004;Tenericutes bacterium ADurb.Bin239	r104-il	2021-11-02	Nanopore-Illumina	MQ	434.2632	296.94287	11.437243	6.2251143	1304693	6473	0.496132040257746	N	Bacteria	 Firmicutes	0	0
bin.0098	1697	826	1	1	0	19	k__Bacteria (UID2328)	92	10	0	1697711	25	108	108	28013	28013	15719	15719	154047	154047	34.2	2.68	89.08	1702	d__Bacteria;p__Firmicutes;c__Bacilli;o__ML615J-28;f__CAG-313;g__DUOG01;s__DUOG01 sp012838945	99.23	0.74	GCA_012838945.1	99.23	0.74	d__Bacteria;p__Firmicutes;c__Bacilli;o__ML615J-28;f__CAG-313;g__;s__	taxonomic classification defined by topology and ANI	77.03	N/A	N/A	GQ133486.1.1418 Bacteria;Firmicutes;Bacilli;Acholeplasmatales;Acholeplasmataceae;Acholeplasma;uncultured bacterium	r104-il	2021-11-02	Nanopore-Illumina	Contaminated	8.908028	6.2477646	0.23461182	0.13097823	302154	1998	0.661252209138386	N	Bacteria	 Firmicutes	0	0
bin.0099	1955	1053	1	1	1	17	k__Bacteria (UID2329)	93.03	1.12	100	1957763	18	129	129	22712	22712	15176	15176	75962	75962	29.7	1.93	88.89	1961	d__Bacteria;p__Firmicutes;c__Bacilli;o__RFN20;f__UBA1709;g__DUOZ01;s__DUOZ01 sp012838555	99.12	0.82	GCA_012838555.1	99.12	0.82	d__Bacteria;p__Firmicutes;c__Bacilli;o__RFN20;f__UBA1709;g__;s__	taxonomic classification defined by topology and ANI	84.36	N/A	N/A	EU219952.1.1344 Bacteria;Firmicutes;Bacilli;Erysipelotrichales;Erysipelatoclostridiaceae;UCG-004;uncultured bacterium	r104-il	2021-11-02	Nanopore-Illumina	MQ	7.8139815	4.958859	0.20579779	0.10395758	203232	1428	0.702645252716108	N	Bacteria	 Firmicutes	0	0
bin.0100	2478	1194	3	3	3	21	p__Firmicutes (UID239)	95.1	4.41	11.11	2710127	3	13	13	412054	412054	208471	208471	863134	863134	54.1	0.73	85.56	2355	d__Bacteria;p__Firmicutes_G;c__SHA-98;o__DTUO25;f__DTU025;g__UBA10085;s__UBA10085 sp012842765	99.36	0.97	GCA_012842765.1	99.36	0.97	d__Bacteria;p__Firmicutes_G;c__SHA-98;o__DTUO25;f__DTU025;g__UBA10085;s__	taxonomic classification defined by topology and ANI	87.12	N/A	N/A	EU878336.1.1532 Bacteria;Firmicutes;Incertae Sedis;DTU014;uncultured bacterium	r104-il	2021-11-02	Nanopore-Illumina	HQ	20.574047	41.475334	0.5418612	0.86948955	2646205	26589	1.00479743632863	N	Bacteria	 Firmicutes	3	0
bin.0101	1819	732	3	3	3	20	c__Clostridia (UID1085)	78.14	1.11	75	1854298	0	6	6	559451	559451	309049	309049	675805	675805	41.3	0.86	87.12	1771	d__Bacteria;p__Firmicutes_B;c__Peptococcia;o__DRI-13;f__;g__;s__	N/A	N/A	N/A	N/A	N/A	d__Bacteria;p__Firmicutes_B;c__Peptococcia;o__DRI-13;f__;g__;s__	taxonomic novelty determined using RED	76	0.7147702591541061	N/A	JQ087171.1.1449 Bacteria;Firmicutes;uncultured;uncultured Clostridiales bacterium	r104-il	2021-11-02	Nanopore-Illumina	MQ	17.551144	26.786411	0.46224663	0.56155074	1800551	2992	0.166171355324009	N	Bacteria	 Firmicutes	0	0
bin.0102	1789	837	2	2	2	19	p__Bacteroidetes (UID2605)	94.02	3.33	66.67	2047323	0	8	8	589613	589613	255915	255915	917588	917588	44.5	2.3	93.03	1745	d__Bacteria;p__Bacteroidota;c__Bacteroidia;o__Bacteroidales;f__UBA932;g__Bact-11;s__Bact-11 sp002376715	95.34	0.92	GCA_002376715.1	95.34	0.92	d__Bacteria;p__Bacteroidota;c__Bacteroidia;o__Bacteroidales;f__UBA932;g__Bact-11;s__	taxonomic classification defined by topology and ANI	92.32	N/A	N/A	AB175383.1.1446 Bacteria;Bacteroidota;Bacteroidia;Bacteroidales;Rikenellaceae;Rikenellaceae RC9 gut group;uncultured bacterium	r104-il	2021-11-02	Nanopore-Illumina	HQ	136.25285	219.93343	3.5885081	4.6106873	2044952	25545	1.24917357473427	N	Bacteria	 Bacteroidetes	0	0
bin.0103	2970	1679	3	3	3	20	k__Bacteria (UID2570)	95.08	9.02	38.1	3863435	38	58	58	143566	143566	66610	66610	375397	375395	49.9	2.28	89.73	3086	d__Bacteria;p__Bacteroidota;c__Bacteroidia;o__Bacteroidales;f__Dysgonomonadaceae;g__Fermentimonas;s__Fermentimonas sp012838585	99.2	0.94	GCA_012838585.1	99.2	0.94	d__Bacteria;p__Bacteroidota;c__Bacteroidia;o__Bacteroidales;f__Dysgonomonadaceae;g__Fermentimonas;s__	taxonomic classification defined by topology and ANI	90.63	N/A	N/A	KC845979.1.1488 Bacteria;Firmicutes;Limnochordia;Limnochordales;uncultured;uncultured bacterium	r104-il	2021-11-02	Nanopore-Illumina	MQ	11.813959	10.481419	0.3111457	0.21973261	2244782	24849	1.10696717988651	N	Bacteria	 Bacteroidetes	0	0
bin.0104	1923	1060	1	1	1	20	k__Bacteria (UID2565)	88.71	3.23	0	1818565	0	11	11	1237020	1237020	165324	165324	1237020	1237020	37.6	11.05	94.03	1857	d__Bacteria;p__Omnitrophota;c__Koll11;o__GIF10;f__UBA6249;g__GCA-002774445;s__	N/A	N/A	GCA_002774445.1	76.28	0.15	d__Bacteria;p__Omnitrophota;c__Koll11;o__GIF10;f__UBA6249;g__;s__	taxonomic classification defined by topology and ANI	76.97	0.8956578565106112	N/A	AF407201.1.1446 Bacteria;Verrucomicrobiota;Omnitrophia;Omnitrophales;Omnitrophaceae;Candidatus Omnitrophus;uncultured bacterium	r104-il	2021-11-02	Nanopore-Illumina	MQ	183.42906	127.83807	4.8309937	2.679999	1809180	2200	0.121602051758255	N	Bacteria	 Spirochaetes	0	0
bin.0105	1429	587	0	1	1	12	p__Firmicutes (UID239)	72.7	0.98	100	1504146	0	66	66	40632	40632	22790	22790	111355	111355	45.2	1.04	88.57	1459	d__Bacteria;p__Firmicutes_E;c__DTU015;o__D8A-2;f__D2;g__UBA3907;s__UBA3907 sp002391545	99.24	0.76	GCA_002391545.1	99.24	0.76	d__Bacteria;p__Firmicutes_E;c__DTU015;o__D8A-2;f__D2;g__;s__	taxonomic classification defined by topology and ANI	78.44	N/A	N/A	NA	r104-il	2021-11-02	Nanopore-Illumina	MQ	4.3691473	8.719821	0.115070775	0.18280245	575983	5244	0.910443537396069	N	Bacteria	 Firmicutes	0	0
bin.0106	2364	1518	0	0	0	12	p__Firmicutes (UID239)	37.48	5.08	0	2253350	34	269	269	11586	11586	8376	8376	39177	39177	56.8	1.32	87.6	2473	d__Bacteria;p__Firmicutes_G;c__Limnochordia;o__DTU080;f__DTU080;g__DTU080;s__	N/A	N/A	GCA_001513395.1	76.77	0.11	d__Bacteria;p__Firmicutes_G;c__Limnochordia;o__DTU080;f__DTU080;g__;s__	taxonomic classification defined by topology and ANI	33.59	0.8752132164712998	N/A	NA	r104-il	2021-11-02	Nanopore-Illumina	LQ	3.793475	4.255585	0.099909216	0.08921415	176902	9485	5.36172570123571	N	Bacteria	 Firmicutes	0	0
bin.0107	582	335	0	0	0	10	k__Bacteria (UID2982)	25.84	0	0	568652	3	71	71	10167	10167	8009	8009	23277	23277	50.9	3.91	89.49	651	d__Bacteria;p__Verrucomicrobiota;c__Verrucomicrobiae;o__Pedosphaerales;f__UBA1412;g__UBA1412;s__	N/A	N/A	GCA_002305615.1	81.15	0.4	d__Bacteria;p__Verrucomicrobiota;c__Verrucomicrobiae;o__Pedosphaerales;f__UBA1412;g__UBA1412;s__	taxonomic classification defined by topology and ANI	26.35	0.9632793525412334	N/A	NA	r104-il	2021-11-02	Nanopore-Illumina	LQ	3.4080756	2.4227674	0.0897589	0.05079093	2554	41	1.60532498042287	N	Bacteria	 Bacteroidetes	0	0
bin.0108	733	317	0	0	0	14	k__Bacteria (UID2328)	66.67	3.33	66.67	766871	19	78	78	12490	12490	9831	9831	35552	35552	31.7	2.38	89.79	772	d__Bacteria;p__Firmicutes;c__Bacilli;o__Acholeplasmatales;f__UBA5453;g__UBA5453;s__UBA5453 sp002427375	99.34	0.85	GCA_012839355.1	99.34	0.85	d__Bacteria;p__Firmicutes;c__Bacilli;o__Acholeplasmatales;f__UBA5453;g__UBA5453;s__	taxonomic classification defined by topology and ANI	55.55	N/A	N/A	NA	r104-il	2021-11-02	Nanopore-Illumina	MQ	5.1593122	3.535746	0.13588144	0.07412343	28278	323	1.14223070938539	N	Bacteria	 Tenericutes	0	0
bin.0109	1842	939	0	0	1	17	o__Clostridiales (UID1120)	67.99	6.64	0	1857227	7	133	133	21936	21936	13964	13964	99066	99066	40.4	2.23	84.51	1931	d__Bacteria;p__Firmicutes_A;c__Clostridia;o__Acetivibrionales;f__DSM-8532;g__DTU069;s__DTU069 sp012730095	98.45	0.65	GCA_012730095.1	98.45	0.65	d__Bacteria;p__Firmicutes_A;c__Clostridia;o__Acetivibrionales;f__DSM-8532;g__DTU069;s__	taxonomic classification defined by topology and ANI	44.27	N/A	N/A	NA	r104-il	2021-11-02	Nanopore-Illumina	MQ	4.224473	5.193455	0.11126046	0.10887567	197972	7040	3.55605843250561	N	Bacteria	 Firmicutes	0	0
bin.0110	3256	1618	1	1	1	21	c__Deltaproteobacteria (UID3216)	91.83	4.52	57.14	3371020	2	49	49	156507	156507	68796	68796	280268	280268	44.3	2.05	86.53	3277	d__Bacteria;p__Desulfobacterota_G;c__Syntrophorhabdia;o__Syntrophorhabdales;f__Syntrophorhabdaceae;g__Syntrophorhabdus;s__Syntrophorhabdus sp002067585	98.75	0.86	GCA_002067585.1	98.75	0.86	d__Bacteria;p__Desulfobacterota_G;c__Syntrophorhabdia;o__Syntrophorhabdales;f__Syntrophorhabdaceae;g__Syntrophorhabdus;s__	taxonomic classification defined by topology and ANI	89.42	N/A	N/A	FPLM01000245.1.1511 Bacteria;Desulfobacterota;Syntrophorhabdia;Syntrophorhabdales;Syntrophorhabdaceae;Syntrophorhabdus;metagenome	r104-il	2021-11-02	Nanopore-Illumina	HQ	9.006607	18.76549	0.23720811	0.39339998	3042429	23568	0.774644206980672	N	Bacteria	 Proteobacteria	0	0
bin.0111	1569	742	1	1	1	17	p__Firmicutes (UID241)	55.08	0.42	0	1593064	1	89	89	25417	25417	17899	17899	53943	53943	55.4	3.1	82.15	1609	d__Bacteria;p__SLNR01;c__SLNR01;o__SLNR01;f__;g__;s__	N/A	N/A	GCA_007132905.1	76.25	0.01	d__Bacteria;p__;c__;o__;f__;g__;s__	taxonomic classification defined by topology and ANI	49.24	0.5750124069235717	N/A	EU421875.1.1226 Bacteria;Firmicutes;D8A-2;uncultured bacterium	r104-il	2021-11-02	Nanopore-Illumina	MQ	4.242026	6.636329	0.111722745	0.1391241	331864	2393	0.721078514090109	N	Bacteria	 Firmicutes	0	0
bin.0112	2113	1060	1	1	2	20	p__Firmicutes (UID239)	89.6	0	0	2226018	0	43	43	99260	99260	51767	51767	350975	350975	53.8	1.66	89.09	2122	d__Bacteria;p__Firmicutes_E;c__DTU015;o__D8A-2;f__D2;g__;s__	N/A	N/A	N/A	N/A	N/A	d__Bacteria;p__Firmicutes_E;c__DTU015;o__D8A-2;f__D2;g__;s__	taxonomic classification fully defined by topology	90.19	0.7899827314805008	N/A	FN436052.1.1500 Bacteria;Firmicutes;D8A-2;uncultured bacterium	r104-il	2021-11-02	Nanopore-Illumina	MQ	8.3671255	15.51554	0.22036602	0.325268	1866203	16011	0.857945250329144	N	Bacteria	 Firmicutes	0	0
bin.0113	2292	1023	3	3	4	21	k__Bacteria (UID2495)	96.55	1.15	0	2391381	10	41	41	136000	136000	58326	58326	309650	309650	53.1	1.89	92.07	2247	d__Bacteria;p__Spirochaetota;c__Spirochaetia;o__Sphaerochaetales;f__Sphaerochaetaceae;g__Sphaerochaeta;s__Sphaerochaeta sp004294855	98.88	0.93	GCA_004294855.1	98.88	0.93	d__Bacteria;p__Spirochaetota;c__Spirochaetia;o__Sphaerochaetales;f__Sphaerochaetaceae;g__Sphaerochaeta;s__	taxonomic classification defined by topology and ANI	88.03	N/A	N/A	GQ138170.1.1398 Bacteria;Spirochaetota;Spirochaetia;Spirochaetales;Spirochaetaceae;Sphaerochaeta;uncultured bacterium	r104-il	2021-11-02	Nanopore-Illumina	HQ	22.226208	24.786139	0.5853744	0.51961696	2195715	56514	2.57383130324291	N	Bacteria	 Spirochaetes	0	0
bin.0114	2263	992	2	1	1	16	k__Bacteria (UID209)	93.99	0	0	2358669	2	111	111	32154	32154	21249	21249	135241	135241	57.7	2.39	91.1	2273	d__Bacteria;p__Synergistota;c__Synergistia;o__Synergistales;f__Aminobacteriaceae;g__Aminivibrio;s__	N/A	N/A	GCA_012519165.1	82.95	0.72	d__Bacteria;p__Synergistota;c__Synergistia;o__Synergistales;f__Aminobacteriaceae;g__Aminivibrio;s__	taxonomic classification defined by topology and ANI	85.05	0.9679134633226669	Genome not assigned to closest species as it falls outside its pre-defined ANI radius	AB603841.1.1404 Bacteria;Synergistota;Synergistia;Synergistales;Synergistaceae;uncultured;uncultured Synergistetes bacterium	r104-il	2021-11-02	Nanopore-Illumina	MQ	7.1699677	11.813636	0.18883632	0.24766123	1606813	34301	2.13472258439532	N	Bacteria	 Synergistetes	0	0
bin.0115	3282	1676	2	1	1	21	p__Firmicutes (UID240)	84.48	6.82	31.82	3237121	11	207	207	22677	22677	15638	15638	87290	87290	39.1	2.3	85.59	3368	d__Bacteria;p__Firmicutes_A;c__Thermosediminibacteria;o__Thermosediminibacterales;f__Tepidanaerobacteraceae;g__DUNY01;s__DUNY01 sp012839145	98.87	0.79	GCA_012839145.1	98.87	0.79	d__Bacteria;p__Firmicutes_A;c__Thermosediminibacteria;o__Thermosediminibacterales;f__Tepidanaerobacteraceae;g__;s__	taxonomic classification defined by topology and ANI	74.41	N/A	N/A	HQ155856.1.1405 Bacteria;Firmicutes;Clostridia;Peptococcales;Peptococcaceae;uncultured;uncultured prokaryote	r104-il	2021-11-02	Nanopore-Illumina	MQ	6.9879413	11.74691	0.18404226	0.24626237	2080125	74116	3.56305510486149	N	Bacteria	 Firmicutes	0	0
bin.0116	4343	2301	1	1	1	21	c__Deltaproteobacteria (UID3216)	98.71	9.68	28	4662715	0	41	41	515105	515105	113724	113724	1323620	1323620	56.4	9.17	87.4	4273	d__Bacteria;p__Desulfobacterota;c__Desulfomonilia;o__UBA1062;f__UBA1062;g__UBA1062;s__UBA1062 sp002316295	99.25	0.97	GCA_002316295.1	99.25	0.97	d__Bacteria;p__Desulfobacterota;c__Desulfomonilia;o__UBA1062;f__UBA1062;g__UBA1062;s__	taxonomic classification defined by topology and ANI	85.07	N/A	Genome has more than 11.7% of markers with multiple hits	CU918113.1.1382 Bacteria;SAR324 clade(Marine group B);uncultured bacterium	r104-il	2021-11-02	Nanopore-Illumina	MQ	44.140476	67.44092	1.162533	1.4138323	4553399	22790	0.500505226974399	N	Bacteria	 Proteobacteria	1	0
bin.0117	2493	1280	3	3	3	20	k__Bacteria (UID2569)	97.04	11.56	20	3132286	0	11	11	651780	651780	284753	284753	803087	803087	40.2	1.41	90.09	2440	d__Bacteria;p__Bacteroidota;c__Bacteroidia;o__Bacteroidales;f__Paludibacteraceae;g__Paludibacter;s__Paludibacter sp012519425	98.85	0.97	GCA_012519425.1	98.85	0.97	d__Bacteria;p__Bacteroidota;c__Bacteroidia;o__Bacteroidales;f__Paludibacteraceae;g__Paludibacter;s__	taxonomic classification defined by topology and ANI	84.69	N/A	Genome has more than 10.8% of markers with multiple hits	AM982594.1.1489 Bacteria;Bacteroidota;Bacteroidia;Bacteroidales;Paludibacteraceae;uncultured;uncultured bacterium	r104-il	2021-11-02	Nanopore-Illumina	Contaminated	28.874578	27.289593	0.7604733	0.5720994	2837677	44233	1.55877501209616	N	Bacteria	 Bacteroidetes	1	0
bin.0118	1767	641	2	2	2	18	k__Bacteria (UID209)	79.66	6.39	0	1801840	17	53	53	60414	60414	33996	33996	324199	324199	44.8	2.21	89.58	1778	d__Bacteria;p__Synergistota;c__Synergistia;o__Synergistales;f__Acetomicrobiaceae;g__Acetomicrobium;s__Acetomicrobium sp012518015	99.21	0.9	GCA_012518015.1	99.21	0.9	d__Bacteria;p__Synergistota;c__Synergistia;o__Synergistales;f__Acetomicrobiaceae;g__Acetomicrobium;s__	taxonomic classification defined by topology and ANI	73.71	N/A	N/A	EU878326.1.1524 Bacteria;Synergistota;Synergistia;Synergistales;Synergistaceae;Acetomicrobium;uncultured bacterium	r104-il	2021-11-02	Nanopore-Illumina	MQ	7.3210034	14.5549965	0.19281417	0.30513114	1433283	23212	1.61949873123452	N	Bacteria	 Synergistetes	0	0
