user_genome	classification	fastani_reference	fastani_reference_radius	fastani_taxonomy	fastani_ani	fastani_af	closest_placement_reference	closest_placement_radius	closest_placement_taxonomy	closest_placement_ani	closest_placement_af	pplacer_taxonomy	classification_method	note	other_related_references(genome_id,species_name,radius,ANI,AF)	msa_percent	translation_table	red_value	warnings
bin.0000	d__Bacteria;p__Bacteroidota;c__Bacteroidia;o__Bacteroidales;f__Paludibacteraceae;g__W0P28-013;s__W0P28-013 sp012837685	GCA_012837685.1	95.0	d__Bacteria;p__Bacteroidota;c__Bacteroidia;o__Bacteroidales;f__Paludibacteraceae;g__W0P28-013;s__W0P28-013 sp012837685	99.51	0.98	GCA_012837685.1	95.0	d__Bacteria;p__Bacteroidota;c__Bacteroidia;o__Bacteroidales;f__Paludibacteraceae;g__W0P28-013;s__W0P28-013 sp012837685	99.51	0.98	d__Bacteria;p__Bacteroidota;c__Bacteroidia;o__Bacteroidales;f__Paludibacteraceae;g__W0P28-013;s__	taxonomic classification defined by topology and ANI	topological placement and ANI have congruent species assignments	GCA_004557405.1, s__W0P28-013 sp004557405, 95.0, 76.26, 0.1	94.54	11	N/A	N/A
bin.0001	d__Bacteria;p__Armatimonadota;c__UBA5377;o__UBA1398;f__UBA1398;g__UBA1398;s__	N/A	N/A	N/A	N/A	N/A	GCA_002305165.1	95.0	d__Bacteria;p__Armatimonadota;c__UBA5377;o__UBA1398;f__UBA1398;g__UBA1398;s__UBA1398 sp002305165	77.9	0.34	d__Bacteria;p__Armatimonadota;c__UBA5377;o__;f__;g__;s__	taxonomic classification defined by topology and ANI	N/A	N/A	79.75	11	0.9069893755373084	N/A
bin.0002	d__Bacteria;p__Thermotogota;c__Thermotogae;o__MWEM01;f__MWEM01;g__MWEM01;s__MWEM01 sp002071085	GCA_002071085.1	95.0	d__Bacteria;p__Thermotogota;c__Thermotogae;o__MWEM01;f__MWEM01;g__MWEM01;s__MWEM01 sp002071085	99.44	0.92	GCA_002071085.1	95.0	d__Bacteria;p__Thermotogota;c__Thermotogae;o__MWEM01;f__MWEM01;g__MWEM01;s__MWEM01 sp002071085	99.44	0.92	d__Bacteria;p__Thermotogota;c__Thermotogae;o__MWEM01;f__MWEM01;g__MWEM01;s__	taxonomic classification defined by topology and ANI	topological placement and ANI have congruent species assignments	GCA_012744415.1, s__MWEM01 sp012744415, 95.0, 79.08, 0.49	90.65	11	N/A	N/A
bin.0003	d__Bacteria;p__Verrucomicrobiota;c__Verrucomicrobiae;o__Pedosphaerales;f__NGM72-4;g__MWDV01;s__MWDV01 sp002070715	GCA_002070715.1	95.0	d__Bacteria;p__Verrucomicrobiota;c__Verrucomicrobiae;o__Pedosphaerales;f__NGM72-4;g__MWDV01;s__MWDV01 sp002070715	98.2	0.93	GCA_002070715.1	95.0	d__Bacteria;p__Verrucomicrobiota;c__Verrucomicrobiae;o__Pedosphaerales;f__NGM72-4;g__MWDV01;s__MWDV01 sp002070715	98.2	0.93	d__Bacteria;p__Verrucomicrobiota;c__Verrucomicrobiae;o__Pedosphaerales;f__NGM72-4;g__;s__	taxonomic classification defined by topology and ANI	topological placement and ANI have congruent species assignments	N/A	90.01	11	N/A	N/A
bin.0004	d__Bacteria;p__Bacteroidota;c__Bacteroidia;o__Bacteroidales;f__DTU049;g__DTU049;s__DTU049 sp001512885	GCA_001512885.1	95.0	d__Bacteria;p__Bacteroidota;c__Bacteroidia;o__Bacteroidales;f__DTU049;g__DTU049;s__DTU049 sp001512885	99.95	0.99	GCA_001512885.1	95.0	d__Bacteria;p__Bacteroidota;c__Bacteroidia;o__Bacteroidales;f__DTU049;g__DTU049;s__DTU049 sp001512885	99.95	0.99	d__Bacteria;p__Bacteroidota;c__Bacteroidia;o__Bacteroidales;f__DTU049;g__DTU049;s__	taxonomic classification defined by topology and ANI	topological placement and ANI have congruent species assignments	GCA_001513285.1, s__DTU049 sp001513285, 95.0, 78.77, 0.47; GCA_001603615.1, s__DTU049 sp001603615, 95.0, 77.94, 0.54	89.32	11	N/A	N/A
bin.0005	d__Bacteria;p__Spirochaetota;c__UBA6919;o__GWB1-36-13;f__GWB1-36-13;g__;s__	N/A	N/A	N/A	N/A	N/A	GCA_001829155.1	95.0	d__Bacteria;p__Spirochaetota;c__UBA6919;o__GWB1-36-13;f__GWB1-36-13;g__GWB1-36-13;s__GWB1-36-13 sp001829155	76.07	0.05	d__Bacteria;p__Spirochaetota;c__UBA6919;o__;f__;g__;s__	taxonomic classification defined by topology and ANI	N/A	N/A	79.04	11	0.7586277393390728	N/A
bin.0006	d__Bacteria;p__Firmicutes_A;c__Clostridia;o__Tissierellales;f__Sedimentibacteraceae;g__Sedimentibacter;s__	N/A	N/A	N/A	N/A	N/A	GCA_003483345.1	95.0	d__Bacteria;p__Firmicutes_A;c__Clostridia;o__Tissierellales;f__Sedimentibacteraceae;g__Sedimentibacter;s__Sedimentibacter sp003483345	97.24	0.63	d__Bacteria;p__Firmicutes_A;c__Clostridia;o__Tissierellales;f__Sedimentibacteraceae;g__Sedimentibacter;s__	taxonomic classification defined by topology and ANI	N/A	GCA_003487955.1, s__Sedimentibacter sp003487955, 95.0, 85.74, 0.58; GCA_012519555.1, s__Sedimentibacter sp012519555, 95.0, 83.62, 0.6; GCA_012520455.1, s__Sedimentibacter sp012520455, 95.0, 80.85, 0.6; GCA_002316225.1, s__Sedimentibacter sp002316225, 95.0, 79.91, 0.5; GCA_002316585.1, s__Sedimentibacter sp002316585, 95.0, 79.91, 0.44; GCA_012518555.1, s__Sedimentibacter sp012518555, 95.0, 78.39, 0.29; GCA_012843025.1, s__Sedimentibacter sp002385835, 95.0, 78.02, 0.35; GCA_002409285.1, s__Sedimentibacter sp002409285, 95.0, 77.67, 0.2; GCA_002422545.1, s__Sedimentibacter sp002422545, 95.0, 77.42, 0.24; GCF_007830175.1, s__Sedimentibacter saalensis, 95.0, 77.33, 0.23; GCA_002381185.1, s__Sedimentibacter sp002381185, 95.0, 77.32, 0.27; GCA_002331025.1, s__Sedimentibacter sp002331025, 95.0, 77.32, 0.23; GCA_002340985.1, s__Sedimentibacter sp002340985, 95.0, 77.24, 0.19; GCA_003457065.1, s__Sedimentibacter sp003457065, 95.0, 77.16, 0.2; GCF_013403245.1, s__Sedimentibacter hydroxybenzoicus, 95.0, 77.11, 0.24; GCA_003497505.1, s__Sedimentibacter sp003497505, 95.0, 76.91, 0.13; GCA_002399975.1, s__Sedimentibacter sp002399975, 95.0, 76.79, 0.17; GCA_003514865.1, s__Sedimentibacter sp003514865, 95.0, 76.62, 0.12	89.78	11	0.9984046645569638	N/A
bin.0007	d__Bacteria;p__Firmicutes_A;c__Clostridia;o__Oscillospirales;f__Acutalibacteraceae;g__DTU033;s__	N/A	N/A	N/A	N/A	N/A	GCA_002409375.1	95.0	d__Bacteria;p__Firmicutes_A;c__Clostridia;o__Oscillospirales;f__Acutalibacteraceae;g__DTU033;s__DTU033 sp002409375	89.04	0.72	d__Bacteria;p__Firmicutes_A;c__Clostridia;o__Oscillospirales;f__Acutalibacteraceae;g__DTU033;s__	taxonomic classification defined by topology and ANI	N/A	GCA_001513365.1, s__DTU033 sp001513365, 95.0, 78.73, 0.06; GCA_012839705.1, s__DTU033 sp012839705, 95.0, 78.12, 0.03; GCA_003519645.1, s__DTU033 sp003519645, 95.0, 76.52, 0.06; GCA_012522615.1, s__DTU033 sp012522615, 95.0, 76.48, 0.08; GCA_002410715.1, s__DTU033 sp002410715, 95.0, 76.41, 0.09	47.31	11	0.9792220139843015	Genome not assigned to closest species as it falls outside its pre-defined ANI radius
bin.0008	d__Bacteria;p__Patescibacteria;c__Paceibacteria;o__UBA6257;f__UBA6257;g__;s__	N/A	N/A	N/A	N/A	N/A	N/A	N/A	N/A	N/A	N/A	d__Bacteria;p__Patescibacteria;c__Paceibacteria;o__UBA6257;f__UBA6257;g__;s__	taxonomic classification fully defined by topology	N/A	N/A	61.76	11	0.7700606692390325	N/A
bin.0009	d__Bacteria;p__Caldatribacteriota;c__JS1;o__SB-45;f__UBA6794;g__UBA6794;s__	N/A	N/A	N/A	N/A	N/A	GCA_012520575.1	95.0	d__Bacteria;p__Caldatribacteriota;c__JS1;o__SB-45;f__UBA6794;g__UBA6794;s__UBA6794 sp012520575	77.06	0.15	d__Bacteria;p__Caldatribacteriota;c__JS1;o__SB-45;f__UBA6794;g__UBA6794;s__	taxonomic classification defined by topology and ANI	N/A	GCA_002452835.1, s__UBA6794 sp002452835, 95.0, 77.09, 0.19	76.85	11	0.8746164121402774	N/A
bin.0010	d__Bacteria;p__Firmicutes_A;c__Clostridia;o__UBA1212;f__UBA1257;g__DUPL01;s__DUPL01 sp012838385	GCA_012838385.1	95.0	d__Bacteria;p__Firmicutes_A;c__Clostridia;o__UBA1212;f__UBA1257;g__DUPL01;s__DUPL01 sp012838385	99.45	0.83	GCA_012838385.1	95.0	d__Bacteria;p__Firmicutes_A;c__Clostridia;o__UBA1212;f__UBA1257;g__DUPL01;s__DUPL01 sp012838385	99.45	0.83	d__Bacteria;p__Firmicutes_A;c__Clostridia;o__UBA1212;f__UBA1257;g__DUPL01;s__	taxonomic classification defined by topology and ANI	topological placement and ANI have congruent species assignments	GCA_012522035.1, s__DUPL01 sp012522035, 95.0, 90.45, 0.82	82.99	11	N/A	N/A
bin.0011	d__Bacteria;p__Firmicutes_G;c__Limnochordia;o__DTU080;f__DTU080;g__;s__	N/A	N/A	N/A	N/A	N/A	GCA_012838035.1	95.0	d__Bacteria;p__Firmicutes_G;c__Limnochordia;o__DTU080;f__DTU080;g__DUQB01;s__DUQB01 sp012838035	97.14	0.09	d__Bacteria;p__Firmicutes_G;c__Limnochordia;o__DTU080;f__DTU080;g__;s__	taxonomic classification defined by topology and ANI	N/A	N/A	33.77	11	0.7824103459149223	Genome has more than 10.0% of markers with multiple hits
bin.0012	d__Bacteria;p__Verrucomicrobiota;c__Kiritimatiellae;o__RFP12;f__UBA1067;g__DUPH01;s__DUPH01 sp012838435	GCA_012838435.1	95.0	d__Bacteria;p__Verrucomicrobiota;c__Kiritimatiellae;o__RFP12;f__UBA1067;g__DUPH01;s__DUPH01 sp012838435	99.33	0.88	GCA_012838435.1	95.0	d__Bacteria;p__Verrucomicrobiota;c__Kiritimatiellae;o__RFP12;f__UBA1067;g__DUPH01;s__DUPH01 sp012838435	99.33	0.88	d__Bacteria;p__Verrucomicrobiota;c__Kiritimatiellae;o__RFP12;f__UBA1067;g__DUPH01;s__	taxonomic classification defined by topology and ANI	topological placement and ANI have congruent species assignments	GCA_002071025.1, s__DUPH01 sp002071025, 95.0, 81.78, 0.51	78.4	11	N/A	N/A
bin.0013	d__Bacteria;p__Planctomycetota;c__Phycisphaerae;o__Sedimentisphaerales;f__Anaerohalophaeraceae;g__T3Sed10-213;s__T3Sed10-213 sp012519365	GCA_012519365.1	95.0	d__Bacteria;p__Planctomycetota;c__Phycisphaerae;o__Sedimentisphaerales;f__Anaerohalophaeraceae;g__T3Sed10-213;s__T3Sed10-213 sp012519365	98.4	0.65	GCA_012519365.1	95.0	d__Bacteria;p__Planctomycetota;c__Phycisphaerae;o__Sedimentisphaerales;f__Anaerohalophaeraceae;g__T3Sed10-213;s__T3Sed10-213 sp012519365	98.4	0.65	d__Bacteria;p__Planctomycetota;c__Phycisphaerae;o__Sedimentisphaerales;f__Anaerohalophaeraceae;g__T3Sed10-213;s__	taxonomic classification defined by topology and ANI	topological placement and ANI have congruent species assignments	GCA_011048645.1, s__T3Sed10-213 sp011048645, 95.0, 80.19, 0.44; GCA_012729675.1, s__T3Sed10-213 sp012729675, 95.0, 77.95, 0.23; GCA_007121565.1, s__T3Sed10-213 sp007121565, 95.0, 77.94, 0.22; GCA_003567095.1, s__T3Sed10-213 sp003567095, 95.0, 77.49, 0.24	58.45	11	N/A	N/A
bin.0014	d__Bacteria;p__Firmicutes_A;c__Clostridia;o__Tissierellales;f__Sedimentibacteraceae;g__Sedimentibacter;s__Sedimentibacter sp012520455	GCA_012520455.1	95.0	d__Bacteria;p__Firmicutes_A;c__Clostridia;o__Tissierellales;f__Sedimentibacteraceae;g__Sedimentibacter;s__Sedimentibacter sp012520455	99.91	0.99	GCA_012520455.1	95.0	d__Bacteria;p__Firmicutes_A;c__Clostridia;o__Tissierellales;f__Sedimentibacteraceae;g__Sedimentibacter;s__Sedimentibacter sp012520455	99.91	0.99	d__Bacteria;p__Firmicutes_A;c__Clostridia;o__Tissierellales;f__Sedimentibacteraceae;g__Sedimentibacter;s__	taxonomic classification defined by topology and ANI	topological placement and ANI have congruent species assignments	GCA_002316225.1, s__Sedimentibacter sp002316225, 95.0, 85.2, 0.81; GCA_012519555.1, s__Sedimentibacter sp012519555, 95.0, 83.7, 0.72; GCA_003483345.1, s__Sedimentibacter sp003483345, 95.0, 81.13, 0.52; GCA_003487955.1, s__Sedimentibacter sp003487955, 95.0, 80.3, 0.39; GCA_002316585.1, s__Sedimentibacter sp002316585, 95.0, 78.15, 0.33; GCA_012843025.1, s__Sedimentibacter sp002385835, 95.0, 77.39, 0.26; GCA_012518555.1, s__Sedimentibacter sp012518555, 95.0, 77.29, 0.23; GCF_013403245.1, s__Sedimentibacter hydroxybenzoicus, 95.0, 77.12, 0.15; GCA_002381185.1, s__Sedimentibacter sp002381185, 95.0, 77.04, 0.17; GCA_002331025.1, s__Sedimentibacter sp002331025, 95.0, 77.0, 0.14; GCA_002340985.1, s__Sedimentibacter sp002340985, 95.0, 76.84, 0.11; GCA_003457065.1, s__Sedimentibacter sp003457065, 95.0, 76.81, 0.13; GCA_002399975.1, s__Sedimentibacter sp002399975, 95.0, 76.79, 0.09; GCA_003497505.1, s__Sedimentibacter sp003497505, 95.0, 76.75, 0.1; GCF_007830175.1, s__Sedimentibacter saalensis, 95.0, 76.68, 0.17; GCA_002422545.1, s__Sedimentibacter sp002422545, 95.0, 76.6, 0.14; GCA_002409285.1, s__Sedimentibacter sp002409285, 95.0, 76.55, 0.15; GCA_003514865.1, s__Sedimentibacter sp003514865, 95.0, 76.29, 0.1	95.29	11	N/A	N/A
bin.0015	d__Bacteria;p__Patescibacteria;c__Dojkabacteria;o__SC72;f__SC72;g__UBA3081;s__UBA3081 sp012800885	GCA_012800885.1	95.0	d__Bacteria;p__Patescibacteria;c__Dojkabacteria;o__SC72;f__SC72;g__UBA3081;s__UBA3081 sp012800885	98.71	0.9	GCA_012800885.1	95.0	d__Bacteria;p__Patescibacteria;c__Dojkabacteria;o__SC72;f__SC72;g__UBA3081;s__UBA3081 sp012800885	98.71	0.9	d__Bacteria;p__Patescibacteria;c__Dojkabacteria;o__SC72;f__SC72;g__UBA3081;s__	taxonomic classification defined by topology and ANI	topological placement and ANI have congruent species assignments	GCA_002366615.1, s__UBA3081 sp002366615, 95.0, 76.74, 0.25	68.85	11	N/A	N/A
bin.0016	d__Bacteria;p__Firmicutes_G;c__Limnochordia;o__DTU087;f__DTU087;g__JAAZMF01;s__	N/A	N/A	N/A	N/A	N/A	GCA_012798955.1	95.0	d__Bacteria;p__Firmicutes_G;c__Limnochordia;o__DTU087;f__DTU087;g__JAAZMF01;s__JAAZMF01 sp012798955	84.5	0.65	d__Bacteria;p__Firmicutes_G;c__Limnochordia;o__DTU087;f__DTU087;g__JAAZMF01;s__	taxonomic classification defined by topology and ANI	N/A	GCA_012519025.1, s__JAAZMF01 sp012519025, 95.0, 76.85, 0.12	88.8	11	0.9651794145269615	Genome not assigned to closest species as it falls outside its pre-defined ANI radius
bin.0017	d__Bacteria;p__Firmicutes;c__Bacilli;o__ML615J-28;f__CAG-698;g__UBA3946;s__UBA3946 sp002385755	GCA_002385755.1	95.0	d__Bacteria;p__Firmicutes;c__Bacilli;o__ML615J-28;f__CAG-698;g__UBA3946;s__UBA3946 sp002385755	99.55	0.96	GCA_002385755.1	95.0	d__Bacteria;p__Firmicutes;c__Bacilli;o__ML615J-28;f__CAG-698;g__UBA3946;s__UBA3946 sp002385755	99.55	0.96	d__Bacteria;p__Firmicutes;c__Bacilli;o__ML615J-28;f__CAG-698;g__UBA3946;s__	taxonomic classification defined by topology and ANI	topological placement and ANI have congruent species assignments	GCA_002385575.1, s__UBA3946 sp002385575, 95.0, 79.6, 0.58	91.03	11	N/A	N/A
bin.0018	d__Bacteria;p__Firmicutes_G;c__SHA-98;o__DTUO25;f__DTU025;g__UBA5389;s__	N/A	N/A	N/A	N/A	N/A	GCA_002409965.1	95.0	d__Bacteria;p__Firmicutes_G;c__SHA-98;o__DTUO25;f__DTU025;g__UBA5389;s__UBA5389 sp002409965	83.95	0.14	d__Bacteria;p__Firmicutes_G;c__SHA-98;o__DTUO25;f__DTU025;g__;s__	taxonomic classification defined by topology and ANI	N/A	N/A	31.76	11	0.9158935450488412	N/A
bin.0020	d__Bacteria;p__Firmicutes_A;c__Clostridia;o__Tissierellales;f__Peptoniphilaceae;g__;s__	N/A	N/A	N/A	N/A	N/A	N/A	N/A	N/A	N/A	N/A	d__Bacteria;p__Firmicutes_A;c__Clostridia;o__Tissierellales;f__Peptoniphilaceae;g__;s__	taxonomic classification fully defined by topology	N/A	N/A	90.15	11	0.8087042485722192	N/A
bin.0021	d__Bacteria;p__Firmicutes_A;c__Clostridia;o__Saccharofermentanales;f__DTU023;g__UBA4923;s__UBA4923 sp012799695	GCA_012799695.1	95.0	d__Bacteria;p__Firmicutes_A;c__Clostridia;o__Saccharofermentanales;f__DTU023;g__UBA4923;s__UBA4923 sp012799695	99.06	0.93	GCA_012799695.1	95.0	d__Bacteria;p__Firmicutes_A;c__Clostridia;o__Saccharofermentanales;f__DTU023;g__UBA4923;s__UBA4923 sp012799695	99.06	0.93	d__Bacteria;p__Firmicutes_A;c__Clostridia;o__Saccharofermentanales;f__DTU023;g__UBA4923;s__	taxonomic classification defined by topology and ANI	topological placement and ANI have congruent species assignments	GCA_012798865.1, s__UBA4923 sp012798865, 95.0, 90.39, 0.85; GCA_012841145.1, s__UBA4923 sp012841145, 95.0, 79.89, 0.57; GCA_012841015.1, s__UBA4923 sp012841015, 95.0, 79.63, 0.4; GCA_012800435.1, s__UBA4923 sp012800435, 95.0, 78.3, 0.07; GCA_012799825.1, s__UBA4923 sp012799825, 95.0, 77.84, 0.06; GCA_012800135.1, s__UBA4923 sp012800135, 95.0, 77.81, 0.05; GCA_012511185.1, s__UBA4923 sp012511185, 95.0, 76.98, 0.04; GCA_012511175.1, s__UBA4923 sp012511175, 95.0, 76.64, 0.04; GCA_012841255.1, s__UBA4923 sp012841255, 95.0, 76.42, 0.05; GCA_001512945.1, s__UBA4923 sp001512945, 95.0, 76.39, 0.09; GCA_012511735.1, s__UBA4923 sp012511735, 95.0, 75.99, 0.06; GCA_002427535.1, s__UBA4923 sp002427535, 95.0, 75.64, 0.07	84.32	11	N/A	N/A
bin.0022	d__Bacteria;p__Bacteroidota;c__Bacteroidia;o__Bacteroidales;f__BBW3;g__MWFE01;s__MWFE01 sp002071445	GCA_002071445.1	95.0	d__Bacteria;p__Bacteroidota;c__Bacteroidia;o__Bacteroidales;f__BBW3;g__MWFE01;s__MWFE01 sp002071445	99.95	0.99	GCA_002071445.1	95.0	d__Bacteria;p__Bacteroidota;c__Bacteroidia;o__Bacteroidales;f__BBW3;g__MWFE01;s__MWFE01 sp002071445	99.95	0.99	d__Bacteria;p__Bacteroidota;c__Bacteroidia;o__Bacteroidales;f__BBW3;g__;s__	taxonomic classification defined by topology and ANI	topological placement and ANI have congruent species assignments	N/A	96.09	11	N/A	N/A
bin.0023	d__Bacteria;p__Firmicutes_G;c__SHA-98;o__DTUO25;f__DTU025;g__UBA10085;s__UBA10085 sp003456765	GCA_003456765.1	95.0	d__Bacteria;p__Firmicutes_G;c__SHA-98;o__DTUO25;f__DTU025;g__UBA10085;s__UBA10085 sp003456765	99.06	0.94	GCA_003456765.1	95.0	d__Bacteria;p__Firmicutes_G;c__SHA-98;o__DTUO25;f__DTU025;g__UBA10085;s__UBA10085 sp003456765	99.06	0.94	d__Bacteria;p__Firmicutes_G;c__SHA-98;o__DTUO25;f__DTU025;g__UBA10085;s__	taxonomic classification defined by topology and ANI	topological placement and ANI have congruent species assignments	GCA_012842765.1, s__UBA10085 sp012842765, 95.0, 79.51, 0.56	89.36	11	N/A	N/A
bin.0025	d__Bacteria;p__Firmicutes_G;c__SHA-98;o__UBA4971;f__UBA4971;g__UBA4971;s__UBA4971 sp900019985	GCA_900019985.1	95.0	d__Bacteria;p__Firmicutes_G;c__SHA-98;o__UBA4971;f__UBA4971;g__UBA4971;s__UBA4971 sp900019985	99.87	0.93	GCA_900019985.1	95.0	d__Bacteria;p__Firmicutes_G;c__SHA-98;o__UBA4971;f__UBA4971;g__UBA4971;s__UBA4971 sp900019985	99.87	0.93	d__Bacteria;p__Firmicutes_G;c__SHA-98;o__UBA4971;f__UBA4971;g__UBA4971;s__	taxonomic classification defined by topology and ANI	topological placement and ANI have congruent species assignments	GCA_012841305.1, s__UBA4971 sp012841305, 95.0, 79.67, 0.55; GCA_002398515.1, s__UBA4971 sp002398515, 95.0, 79.23, 0.53; GCA_012512055.1, s__UBA4971 sp012512055, 95.0, 78.91, 0.45; GCA_012518595.1, s__UBA4971 sp012518595, 95.0, 77.79, 0.36; GCA_002424305.1, s__UBA4971 sp002424305, 95.0, 77.37, 0.26; GCA_012689375.1, s__UBA4971 sp012689375, 95.0, 76.93, 0.1	91.76	11	N/A	N/A
bin.0026	d__Bacteria;p__Firmicutes;c__Bacilli;o__ML615J-28;f__CAG-313;g__UBA1427;s__UBA1427 sp002329485	GCA_002329485.1	95.0	d__Bacteria;p__Firmicutes;c__Bacilli;o__ML615J-28;f__CAG-313;g__UBA1427;s__UBA1427 sp002329485	99.58	0.84	GCA_002329485.1	95.0	d__Bacteria;p__Firmicutes;c__Bacilli;o__ML615J-28;f__CAG-313;g__UBA1427;s__UBA1427 sp002329485	99.58	0.84	d__Bacteria;p__Firmicutes;c__Bacilli;o__ML615J-28;f__CAG-313;g__UBA1427;s__	taxonomic classification defined by topology and ANI	topological placement and ANI have congruent species assignments	GCA_012838545.1, s__UBA1427 sp012838545, 95.0, 82.77, 0.74	82.05	11	N/A	N/A
bin.0027	d__Bacteria;p__Firmicutes_G;c__SHA-98;o__UBA4971;f__UBA4971;g__UBA4971;s__UBA4971 sp012841305	GCA_012841305.1	95.0	d__Bacteria;p__Firmicutes_G;c__SHA-98;o__UBA4971;f__UBA4971;g__UBA4971;s__UBA4971 sp012841305	97.67	0.77	GCA_012841305.1	95.0	d__Bacteria;p__Firmicutes_G;c__SHA-98;o__UBA4971;f__UBA4971;g__UBA4971;s__UBA4971 sp012841305	97.67	0.77	d__Bacteria;p__Firmicutes_G;c__SHA-98;o__UBA4971;f__UBA4971;g__UBA4971;s__	taxonomic classification defined by topology and ANI	topological placement and ANI have congruent species assignments	GCA_002398515.1, s__UBA4971 sp002398515, 95.0, 91.13, 0.72; GCA_012512055.1, s__UBA4971 sp012512055, 95.0, 87.73, 0.69; GCA_012518595.1, s__UBA4971 sp012518595, 95.0, 83.02, 0.65; GCA_002424305.1, s__UBA4971 sp002424305, 95.0, 80.18, 0.53; GCA_900019985.1, s__UBA4971 sp900019985, 95.0, 80.08, 0.61; GCA_012689375.1, s__UBA4971 sp012689375, 95.0, 77.31, 0.14	85.84	11	N/A	N/A
bin.0028	d__Bacteria;p__DTU030;c__DTU030;o__DUMP01;f__DUMP01;g__DUNI01;s__DUNI01 sp012837285	GCA_012837285.1	95.0	d__Bacteria;p__DTU030;c__DTU030;o__DUMP01;f__DUMP01;g__DUNI01;s__DUNI01 sp012837285	99.09	0.91	GCA_012837285.1	95.0	d__Bacteria;p__DTU030;c__DTU030;o__DUMP01;f__DUMP01;g__DUNI01;s__DUNI01 sp012837285	99.09	0.91	d__Bacteria;p__DTU030;c__DTU030;o__DUMP01;f__DUMP01;g__DUNI01;s__	taxonomic classification defined by topology and ANI	topological placement and ANI have congruent species assignments	GCA_012839445.1, s__DUNI01 sp012839445, 95.0, 78.28, 0.32; GCA_012799605.1, s__DUNI01 sp012799605, 95.0, 76.92, 0.19	93.29	11	N/A	N/A
bin.0029	d__Bacteria;p__Cloacimonadota;c__Cloacimonadia;o__Cloacimonadales;f__Cloacimonadaceae;g__UBA3900;s__UBA3900 sp002391675	GCA_002391675.1	95.0	d__Bacteria;p__Cloacimonadota;c__Cloacimonadia;o__Cloacimonadales;f__Cloacimonadaceae;g__UBA3900;s__UBA3900 sp002391675	97.09	0.77	GCA_002391675.1	95.0	d__Bacteria;p__Cloacimonadota;c__Cloacimonadia;o__Cloacimonadales;f__Cloacimonadaceae;g__UBA3900;s__UBA3900 sp002391675	97.09	0.77	d__Bacteria;p__Cloacimonadota;c__Cloacimonadia;o__Cloacimonadales;f__Cloacimonadaceae;g__UBA3900;s__	taxonomic classification defined by topology and ANI	topological placement and ANI have congruent species assignments	GCA_012519465.1, s__UBA3900 sp012519465, 95.0, 76.98, 0.16; GCA_012522935.1, s__UBA3900 sp012522935, 95.0, 76.84, 0.19	65.63	11	N/A	N/A
bin.0030	d__Bacteria;p__Firmicutes;c__Bacilli;o__ML615J-28;f__CAG-698;g__DTU067;s__DTU067 sp001512995	GCA_001512995.1	95.0	d__Bacteria;p__Firmicutes;c__Bacilli;o__ML615J-28;f__CAG-698;g__DTU067;s__DTU067 sp001512995	99.5	0.84	GCA_001512995.1	95.0	d__Bacteria;p__Firmicutes;c__Bacilli;o__ML615J-28;f__CAG-698;g__DTU067;s__DTU067 sp001512995	99.5	0.84	d__Bacteria;p__Firmicutes;c__Bacilli;o__ML615J-28;f__CAG-698;g__DTU067;s__	taxonomic classification defined by topology and ANI	topological placement and ANI have congruent species assignments	GCA_012841865.1, s__DTU067 sp012841865, 95.0, 78.61, 0.2	85.39	11	N/A	N/A
bin.0031	d__Bacteria;p__Firmicutes;c__Bacilli;o__ML615J-28;f__CAG-698;g__DUNF01;s__	N/A	N/A	N/A	N/A	N/A	GCA_012839485.1	95.0	d__Bacteria;p__Firmicutes;c__Bacilli;o__ML615J-28;f__CAG-698;g__DUNF01;s__DUNF01 sp012839485	95.89	0.62	d__Bacteria;p__Firmicutes;c__Bacilli;o__ML615J-28;f__CAG-698;g__DUNF01;s__	taxonomic classification defined by topology and ANI	N/A	GCA_012838635.1, s__DUNF01 sp012838635, 95.0, 87.1, 0.74	52.83	11	0.9989289107093576	Genome not assigned to closest species as it falls outside its pre-defined ANI radius
bin.0032	d__Bacteria;p__Bacteroidota;c__Bacteroidia;o__Bacteroidales;f__UBA1402;g__UBA1402;s__UBA1402 sp002305085	GCA_002305085.1	95.0	d__Bacteria;p__Bacteroidota;c__Bacteroidia;o__Bacteroidales;f__UBA1402;g__UBA1402;s__UBA1402 sp002305085	97.35	0.9	GCA_002305085.1	95.0	d__Bacteria;p__Bacteroidota;c__Bacteroidia;o__Bacteroidales;f__UBA1402;g__UBA1402;s__UBA1402 sp002305085	97.35	0.9	d__Bacteria;p__Bacteroidota;c__Bacteroidia;o__Bacteroidales;f__UBA1402;g__UBA1402;s__	taxonomic classification defined by topology and ANI	topological placement and ANI have congruent species assignments	GCA_012511135.1, s__UBA1402 sp012511135, 95.0, 81.77, 0.62	81.91	11	N/A	N/A
bin.0033	d__Bacteria;p__Acidobacteriota;c__Acidobacteriae;o__Bryobacterales;f__Bryobacteraceae;g__;s__	N/A	N/A	N/A	N/A	N/A	N/A	N/A	N/A	N/A	N/A	d__Bacteria;p__Acidobacteriota;c__Acidobacteriae;o__Bryobacterales;f__Bryobacteraceae;g__;s__	taxonomic classification fully defined by topology	N/A	N/A	55.65	11	0.848455229147171	N/A
bin.0034	d__Bacteria;p__Firmicutes_A;c__Clostridia;o__DUPQ01;f__DUPQ01;g__DUPQ01;s__DUPQ01 sp012838235	GCA_012838235.1	95.0	d__Bacteria;p__Firmicutes_A;c__Clostridia;o__DUPQ01;f__DUPQ01;g__DUPQ01;s__DUPQ01 sp012838235	99.86	0.9	GCA_012838235.1	95.0	d__Bacteria;p__Firmicutes_A;c__Clostridia;o__DUPQ01;f__DUPQ01;g__DUPQ01;s__DUPQ01 sp012838235	99.86	0.9	d__Bacteria;p__Firmicutes_A;c__Clostridia;o__DUPQ01;f__DUPQ01;g__DUPQ01;s__	taxonomic classification defined by topology and ANI	topological placement and ANI have congruent species assignments	GCA_012729955.1, s__DUPQ01 sp012729955, 95.0, 78.07, 0.33; GCA_002070475.1, s__DUPQ01 sp002070475, 95.0, 77.74, 0.26	90.81	11	N/A	N/A
bin.0035	d__Bacteria;p__Firmicutes_B;c__Desulfotomaculia;o__Desulfotomaculales;f__Pelotomaculaceae;g__DTU098;s__DTU098 sp002305915	GCA_002305915.1	95.0	d__Bacteria;p__Firmicutes_B;c__Desulfotomaculia;o__Desulfotomaculales;f__Pelotomaculaceae;g__DTU098;s__DTU098 sp002305915	98.99	0.77	GCA_002305915.1	95.0	d__Bacteria;p__Firmicutes_B;c__Desulfotomaculia;o__Desulfotomaculales;f__Pelotomaculaceae;g__DTU098;s__DTU098 sp002305915	98.99	0.77	d__Bacteria;p__Firmicutes_B;c__Desulfotomaculia;o__Desulfotomaculales;f__Pelotomaculaceae;g__DTU098;s__	taxonomic classification defined by topology and ANI	topological placement and ANI have congruent species assignments	GCA_001512635.1, s__DTU098 sp001512635, 95.0, 88.92, 0.77; GCA_002408725.1, s__DTU098 sp002408725, 95.0, 81.04, 0.48	50.37	11	N/A	N/A
bin.0036	d__Bacteria;p__Firmicutes_E;c__DTU015;o__D8A-2;f__D2;g__;s__	N/A	N/A	N/A	N/A	N/A	N/A	N/A	N/A	N/A	N/A	d__Bacteria;p__Firmicutes_E;c__DTU015;o__D8A-2;f__D2;g__;s__	taxonomic novelty determined using RED	N/A	N/A	90.07	11	0.8803510311465275	N/A
bin.0037	d__Bacteria;p__Spirochaetota;c__Spirochaetia;o__Treponematales;f__Treponemataceae;g__JAAZLA01;s__JAAZLA01 sp012799545	GCA_012799545.1	95.0	d__Bacteria;p__Spirochaetota;c__Spirochaetia;o__Treponematales;f__Treponemataceae;g__JAAZLA01;s__JAAZLA01 sp012799545	98.42	0.87	GCA_012799545.1	95.0	d__Bacteria;p__Spirochaetota;c__Spirochaetia;o__Treponematales;f__Treponemataceae;g__JAAZLA01;s__JAAZLA01 sp012799545	98.42	0.87	d__Bacteria;p__Spirochaetota;c__Spirochaetia;o__Treponematales;f__Treponemataceae;g__;s__	taxonomic classification defined by topology and ANI	topological placement and ANI have congruent species assignments	N/A	77.21	11	N/A	N/A
bin.0038	d__Bacteria;p__Bacteroidota;c__Bacteroidia;o__Bacteroidales;f__GCA-2748055;g__;s__	N/A	N/A	N/A	N/A	N/A	N/A	N/A	N/A	N/A	N/A	d__Bacteria;p__Bacteroidota;c__Bacteroidia;o__Bacteroidales;f__;g__;s__	taxonomic novelty determined using RED	N/A	N/A	76.43	11	0.8304961353688489	N/A
bin.0039	d__Bacteria;p__Firmicutes_A;c__Clostridia;o__Peptostreptococcales;f__Anaerovoracaceae;g__UBA1426;s__	N/A	N/A	N/A	N/A	N/A	GCA_002385825.1	95.0	d__Bacteria;p__Firmicutes_A;c__Clostridia;o__Peptostreptococcales;f__Anaerovoracaceae;g__UBA1426;s__UBA1426 sp002385825	94.01	0.44	d__Bacteria;p__Firmicutes_A;c__Clostridia;o__Peptostreptococcales;f__Anaerovoracaceae;g__UBA1426;s__	taxonomic classification defined by topology and ANI	N/A	GCA_002329675.1, s__UBA1426 sp002329675, 95.0, 78.39, 0.17; GCA_012719215.1, s__UBA1426 sp012719215, 95.0, 78.29, 0.17	54.97	11	0.9874518593225574	N/A
bin.0040	d__Bacteria;p__Verrucomicrobiota;c__Kiritimatiellae;o__LD1-PB3;f__Lenti-01;g__Lenti-01;s__Lenti-01 sp002304915	GCA_002304915.1	95.0	d__Bacteria;p__Verrucomicrobiota;c__Kiritimatiellae;o__LD1-PB3;f__Lenti-01;g__Lenti-01;s__Lenti-01 sp002304915	98.47	0.89	GCA_002304915.1	95.0	d__Bacteria;p__Verrucomicrobiota;c__Kiritimatiellae;o__LD1-PB3;f__Lenti-01;g__Lenti-01;s__Lenti-01 sp002304915	98.47	0.89	d__Bacteria;p__Verrucomicrobiota;c__Kiritimatiellae;o__LD1-PB3;f__Lenti-01;g__Lenti-01;s__	taxonomic classification defined by topology and ANI	topological placement and ANI have congruent species assignments	GCA_002071335.1, s__Lenti-01 sp002071335, 95.0, 78.31, 0.33; GCA_009930415.1, s__Lenti-01 sp009930415, 95.0, 78.01, 0.26; GCA_009928955.1, s__Lenti-01 sp009928955, 95.0, 78.01, 0.3; GCA_002347655.1, s__Lenti-01 sp002347655, 95.0, 77.97, 0.29; GCA_003451935.1, s__Lenti-01 sp003451935, 95.0, 77.66, 0.27; GCA_012514035.1, s__Lenti-01 sp012514035, 95.0, 77.58, 0.25	87.93	11	N/A	N/A
bin.0041	d__Bacteria;p__Patescibacteria;c__Microgenomatia;o__0-14-0-10-38-17;f__0-14-0-10-38-17;g__;s__	N/A	N/A	N/A	N/A	N/A	GCA_002774085.1	95.0	d__Bacteria;p__Patescibacteria;c__Microgenomatia;o__0-14-0-10-38-17;f__0-14-0-10-38-17;g__0-14-0-10-38-17;s__0-14-0-10-38-17 sp002774085	77.06	0.12	d__Bacteria;p__Patescibacteria;c__Microgenomatia;o__;f__;g__;s__	taxonomic classification defined by topology and ANI	N/A	N/A	44.63	11	0.7805568943977196	N/A
bin.0042	d__Bacteria;p__Bacteroidota;c__Bacteroidia;o__Bacteroidales;f__VadinHA17;g__LD21;s__LD21 sp012519515	GCA_012519515.1	95.0	d__Bacteria;p__Bacteroidota;c__Bacteroidia;o__Bacteroidales;f__VadinHA17;g__LD21;s__LD21 sp012519515	99.22	0.93	GCA_012519515.1	95.0	d__Bacteria;p__Bacteroidota;c__Bacteroidia;o__Bacteroidales;f__VadinHA17;g__LD21;s__LD21 sp012519515	99.22	0.93	d__Bacteria;p__Bacteroidota;c__Bacteroidia;o__Bacteroidales;f__VadinHA17;g__LD21;s__	taxonomic classification defined by topology and ANI	topological placement and ANI have congruent species assignments	GCA_009877105.1, s__LD21 sp009877105, 95.0, 79.53, 0.12; GCA_002070505.1, s__LD21 sp002070505, 95.0, 79.25, 0.06; GCA_002428385.1, s__LD21 sp002428385, 95.0, 79.21, 0.57; GCA_003501665.1, s__LD21 sp003501665, 95.0, 77.27, 0.06; GCA_012729475.1, s__LD21 sp012729475, 95.0, 76.92, 0.05; GCA_003520925.1, s__LD21 sp003520925, 95.0, 76.6, 0.13; GCA_003141525.1, s__LD21 sp003141525, 95.0, 76.5, 0.05; GCA_012517605.1, s__LD21 sp012517605, 95.0, 76.48, 0.13; GCA_001768195.1, s__LD21 sp001768195, 95.0, 76.37, 0.04; GCA_003142255.1, s__LD21 sp003142255, 95.0, 76.36, 0.06; GCA_003152835.1, s__LD21 sp003152835, 95.0, 76.17, 0.05; GCA_903844815.1, s__LD21 sp903844815, 95.0, 76.16, 0.05; GCA_003157055.1, s__LD21 sp003157055, 95.0, 76.14, 0.06; GCA_012522155.1, s__LD21 sp012522155, 95.0, 76.13, 0.07; GCA_013314865.1, s__LD21 sp013314865, 95.0, 76.12, 0.07; GCA_903824785.1, s__LD21 sp903824785, 95.0, 76.07, 0.05; GCA_003141495.1, s__LD21 sp003141495, 95.0, 76.01, 0.04; GCA_002424525.1, s__LD21 sp002424525, 95.0, 76.0, 0.08; GCA_002328625.1, s__LD21 sp002328625, 95.0, 75.97, 0.06; GCA_003162595.1, s__LD21 sp003162595, 95.0, 75.95, 0.04; GCA_003141895.1, s__LD21 sp003141895, 95.0, 75.89, 0.05; GCA_003157015.1, s__LD21 sp003157015, 95.0, 75.68, 0.04; GCA_002319885.1, s__LD21 sp002319885, 95.0, 75.67, 0.03; GCA_002319915.1, s__LD21 sp002319915, 95.0, 75.63, 0.06; GCA_003141415.1, s__LD21 sp003141415, 95.0, 75.55, 0.03; GCA_003141715.1, s__LD21 sp003141715, 95.0, 75.54, 0.04; GCA_003157075.1, s__LD21 sp003157075, 95.0, 75.52, 0.04; GCA_003155705.1, s__LD21 sp003155705, 95.0, 75.32, 0.03	97.74	11	N/A	N/A
bin.0043	d__Bacteria;p__Desulfobacterota;c__Syntrophia;o__Syntrophales;f__UBA4778;g__UBA2192;s__UBA2192 sp012728915	GCA_012728915.1	95.0	d__Bacteria;p__Desulfobacterota;c__Syntrophia;o__Syntrophales;f__UBA4778;g__UBA2192;s__UBA2192 sp012728915	99.91	0.98	GCA_012728915.1	95.0	d__Bacteria;p__Desulfobacterota;c__Syntrophia;o__Syntrophales;f__UBA4778;g__UBA2192;s__UBA2192 sp012728915	99.91	0.98	d__Bacteria;p__Desulfobacterota;c__Syntrophia;o__Syntrophales;f__UBA4778;g__UBA2192;s__	taxonomic classification defined by topology and ANI	topological placement and ANI have congruent species assignments	GCA_002067855.1, s__UBA2192 sp002067855, 95.0, 85.19, 0.72; GCA_013177795.1, s__UBA2192 sp013177795, 95.0, 84.8, 0.76; GCA_002419215.1, s__UBA2192 sp002419215, 95.0, 82.6, 0.62; GCA_002327315.1, s__UBA2192 sp002327315, 95.0, 82.0, 0.62	89.7	11	N/A	N/A
bin.0044	d__Bacteria;p__Firmicutes_G;c__Limnochordia;o__DTU080;f__DTU080;g__DTU080;s__	N/A	N/A	N/A	N/A	N/A	GCA_001513395.1	95.0	d__Bacteria;p__Firmicutes_G;c__Limnochordia;o__DTU080;f__DTU080;g__DTU080;s__DTU080 sp001513395	76.95	0.12	d__Bacteria;p__Firmicutes_G;c__Limnochordia;o__DTU080;f__DTU080;g__;s__	taxonomic classification defined by topology and ANI	N/A	N/A	76.22	11	0.8842044694940245	N/A
bin.0045	d__Bacteria;p__Firmicutes;c__Bacilli;o__ML615J-28;f__CAG-313;g__UBA1427;s__UBA1427 sp012838545	GCA_012838545.1	95.0	d__Bacteria;p__Firmicutes;c__Bacilli;o__ML615J-28;f__CAG-313;g__UBA1427;s__UBA1427 sp012838545	99.21	0.73	GCA_012838545.1	95.0	d__Bacteria;p__Firmicutes;c__Bacilli;o__ML615J-28;f__CAG-313;g__UBA1427;s__UBA1427 sp012838545	99.21	0.73	d__Bacteria;p__Firmicutes;c__Bacilli;o__ML615J-28;f__CAG-313;g__UBA1427;s__	taxonomic classification defined by topology and ANI	topological placement and ANI have congruent species assignments	GCA_002329485.1, s__UBA1427 sp002329485, 95.0, 83.99, 0.58	63.67	11	N/A	N/A
bin.0046	d__Bacteria;p__Patescibacteria;c__Dojkabacteria;o__SC72;f__SC72;g__UBA5232;s__	N/A	N/A	N/A	N/A	N/A	GCA_012513575.1	95.0	d__Bacteria;p__Patescibacteria;c__Dojkabacteria;o__SC72;f__SC72;g__UBA5232;s__UBA5232 sp012513575	78.6	0.28	d__Bacteria;p__Patescibacteria;c__Dojkabacteria;o__SC72;f__SC72;g__UBA5232;s__	taxonomic classification defined by topology and ANI	N/A	GCA_012842045.1, s__UBA5232 sp012842045, 95.0, 82.06, 0.52; GCA_002409215.1, s__UBA5232 sp002409215, 95.0, 78.95, 0.39; GCA_903840015.1, s__UBA5232 sp903840015, 95.0, 77.92, 0.13; GCA_012797935.1, s__UBA5232 sp012797935, 95.0, 76.56, 0.27	60.31	11	0.940099873917909	N/A
bin.0047	d__Bacteria;p__Firmicutes_A;c__Clostridia;o__Oscillospirales;f__Acutalibacteraceae;g__UBA1447;s__	N/A	N/A	N/A	N/A	N/A	GCA_002329225.1	95.0	d__Bacteria;p__Firmicutes_A;c__Clostridia;o__Oscillospirales;f__Acutalibacteraceae;g__UBA1447;s__UBA1447 sp002329225	98.01	0.59	d__Bacteria;p__Firmicutes_A;c__Clostridia;o__Oscillospirales;f__Acutalibacteraceae;g__UBA1447;s__	taxonomic classification defined by topology and ANI	N/A	GCA_012524025.1, s__UBA1447 sp012524025, 95.0, 75.9, 0.07; GCA_002069695.1, s__UBA1447 sp002069695, 95.0, 75.83, 0.06; GCA_012728445.1, s__UBA1447 sp012728445, 95.0, 75.51, 0.07	53.23	11	0.9980140835886361	N/A
bin.0048	d__Bacteria;p__Firmicutes_G;c__Limnochordia;o__DTU087;f__DTU087;g__JAAZLW01;s__	N/A	N/A	N/A	N/A	N/A	GCA_012799135.1	95.0	d__Bacteria;p__Firmicutes_G;c__Limnochordia;o__DTU087;f__DTU087;g__JAAZLW01;s__JAAZLW01 sp012799135	84.28	0.45	d__Bacteria;p__Firmicutes_G;c__Limnochordia;o__DTU087;f__DTU087;g__;s__	taxonomic classification defined by topology and ANI	N/A	N/A	47.01	11	0.9377529253463166	N/A
bin.0049	d__Bacteria;p__Bacteroidota;c__Bacteroidia;o__Bacteroidales;f__UBA932;g__DMER64;s__	N/A	N/A	N/A	N/A	N/A	GCA_012839605.1	95.0	d__Bacteria;p__Bacteroidota;c__Bacteroidia;o__Bacteroidales;f__UBA932;g__DMER64;s__DMER64 sp012839605	81.63	0.75	d__Bacteria;p__Bacteroidota;c__Bacteroidia;o__Bacteroidales;f__UBA932;g__DMER64;s__	taxonomic classification defined by topology and ANI	N/A	GCA_002427525.1, s__DMER64 sp002427525, 95.0, 78.96, 0.48; GCA_012510445.1, s__DMER64 sp012510445, 95.0, 78.48, 0.4; GCA_011620605.1, s__DMER64 sp011620605, 95.0, 77.76, 0.18; GCA_002071385.1, s__DMER64 sp002071385, 95.0, 77.75, 0.17; GCA_001603455.1, s__DMER64 sp001603455, 95.0, 77.45, 0.16; GCA_002408205.1, s__DMER64 sp002408205, 95.0, 77.36, 0.1; GCA_001512865.1, s__DMER64 sp001512865, 95.0, 77.3, 0.19; GCA_002071175.1, s__DMER64 sp002071175, 95.0, 77.18, 0.18; GCA_002305545.1, s__DMER64 sp002305545, 95.0, 77.17, 0.18; GCA_002409325.1, s__DMER64 sp002409325, 95.0, 77.16, 0.17; GCA_002070565.1, s__DMER64 sp002070565, 95.0, 76.96, 0.17; GCA_012515395.1, s__DMER64 sp012515395, 95.0, 76.82, 0.18	94.34	11	0.9874169894039478	Genome not assigned to closest species as it falls outside its pre-defined ANI radius
bin.0051	d__Bacteria;p__Chloroflexota;c__Anaerolineae;o__Anaerolineales;f__Anaerolineaceae;g__T78;s__T78 sp012839565	GCA_012839565.1	95.0	d__Bacteria;p__Chloroflexota;c__Anaerolineae;o__Anaerolineales;f__Anaerolineaceae;g__T78;s__T78 sp012839565	96.57	0.87	GCA_012839565.1	95.0	d__Bacteria;p__Chloroflexota;c__Anaerolineae;o__Anaerolineales;f__Anaerolineaceae;g__T78;s__T78 sp012839565	96.57	0.87	d__Bacteria;p__Chloroflexota;c__Anaerolineae;o__Anaerolineales;f__Anaerolineaceae;g__T78;s__	taxonomic classification defined by topology and ANI	topological placement and ANI have congruent species assignments	GCA_012800995.1, s__T78 sp012800995, 95.0, 82.22, 0.68; GCA_002409625.1, s__T78 sp002409625, 95.0, 78.38, 0.35; GCA_002411175.1, s__T78 sp002411175, 95.0, 77.29, 0.05; GCA_002409365.1, s__T78 sp002409365, 95.0, 77.14, 0.04; GCA_002305635.1, s__T78 sp002305635, 95.0, 76.83, 0.07; GCA_012514645.1, s__T78 sp012514645, 95.0, 76.64, 0.05; GCA_002399085.1, s__T78 sp002399085, 95.0, 76.58, 0.05; GCA_002435825.1, s__T78 sp002435825, 95.0, 76.38, 0.04; GCA_011620465.1, s__T78 sp011620465, 95.0, 76.24, 0.04; GCA_002306055.1, s__T78 sp002306055, 95.0, 76.18, 0.04; GCA_002347705.1, s__T78 sp002347705, 95.0, 76.05, 0.06; GCA_002432795.1, s__T78 sp002432795, 95.0, 76.03, 0.06; GCA_012729755.1, s__T78 sp012729755, 95.0, 75.94, 0.04; GCA_001603765.1, s__T78 sp001603765, 95.0, 75.85, 0.05; GCA_002423495.1, s__T78 sp002423495, 95.0, 75.83, 0.04; GCA_003532515.1, s__T78 sp003532515, 95.0, 75.81, 0.03; GCA_011620505.1, s__T78 sp011620505, 95.0, 75.63, 0.05; GCA_011620445.1, s__T78 sp011620445, 95.0, 75.63, 0.03; GCA_002407905.1, s__T78 sp002407905, 95.0, 75.58, 0.02	89.42	11	N/A	N/A
bin.0052	d__Bacteria;p__Chloroflexota;c__Anaerolineae;o__Anaerolineales;f__Anaerolineaceae;g__Brevefilum;s__Brevefilum fermentans	GCF_900184705.1	95.0	d__Bacteria;p__Chloroflexota;c__Anaerolineae;o__Anaerolineales;f__Anaerolineaceae;g__Brevefilum;s__Brevefilum fermentans	99.93	0.99	GCF_900184705.1	95.0	d__Bacteria;p__Chloroflexota;c__Anaerolineae;o__Anaerolineales;f__Anaerolineaceae;g__Brevefilum;s__Brevefilum fermentans	99.93	0.99	d__Bacteria;p__Chloroflexota;c__Anaerolineae;o__Anaerolineales;f__Anaerolineaceae;g__Brevefilum;s__	taxonomic classification defined by topology and ANI	topological placement and ANI have congruent species assignments	GCA_012522475.1, s__Brevefilum sp012522475, 95.0, 78.38, 0.4; GCA_002452315.1, s__Brevefilum sp002452315, 95.0, 77.37, 0.31; GCA_002403205.1, s__Brevefilum sp002403205, 95.0, 77.26, 0.22; GCA_001508595.1, s__Brevefilum sp001508595, 95.0, 76.57, 0.08; GCA_007135845.1, s__Brevefilum sp007135845, 95.0, 76.51, 0.11; GCA_003563055.1, s__Brevefilum sp003563055, 95.0, 76.5, 0.06; GCA_002436005.1, s__Brevefilum sp002436005, 95.0, 76.49, 0.09; GCA_011620555.1, s__Brevefilum sp011620555, 95.0, 75.99, 0.08; GCA_007119455.1, s__Brevefilum sp007119455, 95.0, 75.78, 0.09; GCA_003542325.1, s__Brevefilum sp003542325, 95.0, 75.55, 0.05	87.61	11	N/A	N/A
bin.0053	d__Bacteria;p__Firmicutes_G;c__UBA5435;o__UBA5435;f__;g__;s__	N/A	N/A	N/A	N/A	N/A	GCA_002426645.1	95.0	d__Bacteria;p__Firmicutes_G;c__UBA5435;o__UBA5435;f__UBA5435;g__UBA5435;s__UBA5435 sp002426645	76.7	0.02	d__Bacteria;p__Firmicutes_G;c__;o__;f__;g__;s__	taxonomic classification defined by topology and ANI	N/A	N/A	62.62	11	0.5562597540832817	N/A
bin.0054	d__Bacteria;p__Bacteroidota;c__Bacteroidia;o__Bacteroidales;f__WCHB1-69;g__DUOL01;s__DUOL01 sp012838875	GCA_012838875.1	95.0	d__Bacteria;p__Bacteroidota;c__Bacteroidia;o__Bacteroidales;f__WCHB1-69;g__DUOL01;s__DUOL01 sp012838875	98.27	0.75	GCA_012838875.1	95.0	d__Bacteria;p__Bacteroidota;c__Bacteroidia;o__Bacteroidales;f__WCHB1-69;g__DUOL01;s__DUOL01 sp012838875	98.27	0.75	d__Bacteria;p__Bacteroidota;c__Bacteroidia;o__Bacteroidales;f__WCHB1-69;g__;s__	taxonomic classification defined by topology and ANI	topological placement and ANI have congruent species assignments	N/A	65.93	11	N/A	N/A
bin.0056	d__Bacteria;p__Bacteroidota;c__Bacteroidia;o__Bacteroidales;f__4484-276;g__RZYY01;s__RZYY01 sp012516825	GCA_012516825.1	95.0	d__Bacteria;p__Bacteroidota;c__Bacteroidia;o__Bacteroidales;f__4484-276;g__RZYY01;s__RZYY01 sp012516825	99.37	0.97	GCA_012516825.1	95.0	d__Bacteria;p__Bacteroidota;c__Bacteroidia;o__Bacteroidales;f__4484-276;g__RZYY01;s__RZYY01 sp012516825	99.37	0.97	d__Bacteria;p__Bacteroidota;c__Bacteroidia;o__Bacteroidales;f__4484-276;g__RZYY01;s__	taxonomic classification defined by topology and ANI	topological placement and ANI have congruent species assignments	GCA_009930115.1, s__RZYY01 sp009930115, 95.0, 76.49, 0.06	95.85	11	N/A	N/A
bin.0057	d__Bacteria;p__Bacteroidota;c__Bacteroidia;o__Bacteroidales;f__Dysgonomonadaceae;g__UBA4179;s__UBA4179 sp002381125	GCA_002381125.1	95.0	d__Bacteria;p__Bacteroidota;c__Bacteroidia;o__Bacteroidales;f__Dysgonomonadaceae;g__UBA4179;s__UBA4179 sp002381125	97.49	0.76	GCA_002381125.1	95.0	d__Bacteria;p__Bacteroidota;c__Bacteroidia;o__Bacteroidales;f__Dysgonomonadaceae;g__UBA4179;s__UBA4179 sp002381125	97.49	0.76	d__Bacteria;p__Bacteroidota;c__Bacteroidia;o__Bacteroidales;f__Dysgonomonadaceae;g__UBA4179;s__	taxonomic classification defined by topology and ANI	topological placement and ANI have congruent species assignments	GCA_012798745.1, s__UBA4179 sp012798745, 95.0, 86.5, 0.7; GCA_002305015.1, s__UBA4179 sp002305015, 95.0, 84.34, 0.71; GCF_002849245.1, s__UBA4179 sp002849245, 95.0, 78.69, 0.18	96.53	11	N/A	N/A
bin.0058	d__Bacteria;p__Firmicutes_A;c__Clostridia_A;o__Christensenellales;f__HGM11417;g__JAAYQN01;s__JAAYQN01 sp012519285	GCA_012519285.1	95.0	d__Bacteria;p__Firmicutes_A;c__Clostridia_A;o__Christensenellales;f__HGM11417;g__JAAYQN01;s__JAAYQN01 sp012519285	99.25	0.82	GCA_012519285.1	95.0	d__Bacteria;p__Firmicutes_A;c__Clostridia_A;o__Christensenellales;f__HGM11417;g__JAAYQN01;s__JAAYQN01 sp012519285	99.25	0.82	d__Bacteria;p__Firmicutes_A;c__Clostridia_A;o__Christensenellales;f__HGM11417;g__;s__	taxonomic classification defined by topology and ANI	topological placement and ANI have congruent species assignments	N/A	75.16	11	N/A	N/A
bin.0059	d__Bacteria;p__Firmicutes_A;c__Clostridia;o__Lutisporales;f__Lutisporaceae;g__;s__	N/A	N/A	N/A	N/A	N/A	GCA_012522255.1	95.0	d__Bacteria;p__Firmicutes_A;c__Clostridia;o__Lutisporales;f__Lutisporaceae;g__JAAYKT01;s__JAAYKT01 sp012522255	76.35	0.15	d__Bacteria;p__Firmicutes_A;c__Clostridia;o__Lutisporales;f__Lutisporaceae;g__;s__	taxonomic classification defined by topology and ANI	N/A	N/A	63.63	11	0.8313260265008163	Genome has more than 24.2% of markers with multiple hits
bin.0060	d__Bacteria;p__Actinobacteriota;c__UBA1414;o__UBA1414;f__UBA1414;g__;s__	N/A	N/A	N/A	N/A	N/A	N/A	N/A	N/A	N/A	N/A	d__Bacteria;p__Actinobacteriota;c__UBA1414;o__UBA1414;f__UBA1414;g__;s__	taxonomic novelty determined using RED	N/A	N/A	42.47	11	0.9154322830936592	N/A
bin.0062	d__Bacteria;p__Firmicutes_A;c__Clostridia;o__Oscillospirales;f__UMGS1783;g__;s__	N/A	N/A	N/A	N/A	N/A	GCA_900555065.1	95.0	d__Bacteria;p__Firmicutes_A;c__Clostridia;o__Oscillospirales;f__UMGS1783;g__UMGS1783;s__UMGS1783 sp900555065	75.07	0.03	d__Bacteria;p__Firmicutes_A;c__Clostridia;o__Oscillospirales;f__;g__;s__	taxonomic classification defined by topology and ANI	N/A	N/A	69.6	11	0.7559654434356682	N/A
bin.0063	d__Bacteria;p__Bacteroidota;c__Bacteroidia;o__Bacteroidales;f__Dysgonomonadaceae;g__Petrimonas;s__Petrimonas mucosa	GCF_900095795.1	95.0	d__Bacteria;p__Bacteroidota;c__Bacteroidia;o__Bacteroidales;f__Dysgonomonadaceae;g__Petrimonas;s__Petrimonas mucosa	99.48	0.86	GCF_900095795.1	95.0	d__Bacteria;p__Bacteroidota;c__Bacteroidia;o__Bacteroidales;f__Dysgonomonadaceae;g__Petrimonas;s__Petrimonas mucosa	99.48	0.86	d__Bacteria;p__Bacteroidota;c__Bacteroidia;o__Bacteroidales;f__Dysgonomonadaceae;g__Petrimonas;s__	taxonomic classification defined by topology and ANI	topological placement and ANI have congruent species assignments	GCA_002356435.2, s__Petrimonas sp002356435, 95.0, 79.3, 0.42; GCA_001898165.1, s__Petrimonas sp001898165, 95.0, 78.39, 0.31; GCA_002316835.1, s__Petrimonas sp002316835, 95.0, 77.59, 0.15; GCA_002069095.1, s__Petrimonas sp002069095, 95.0, 77.19, 0.18; GCA_012728465.1, s__Petrimonas sp012728465, 95.0, 77.12, 0.04	93.73	11	N/A	N/A
bin.0064	d__Bacteria;p__Thermotogota;c__Thermotogae;o__Petrotogales;f__Petrotogaceae;g__Defluviitoga;s__Defluviitoga tunisiensis	GCF_000953715.1	95.0	d__Bacteria;p__Thermotogota;c__Thermotogae;o__Petrotogales;f__Petrotogaceae;g__Defluviitoga;s__Defluviitoga tunisiensis	98.84	0.9	GCF_000953715.1	95.0	d__Bacteria;p__Thermotogota;c__Thermotogae;o__Petrotogales;f__Petrotogaceae;g__Defluviitoga;s__Defluviitoga tunisiensis	98.84	0.9	d__Bacteria;p__Thermotogota;c__Thermotogae;o__Petrotogales;f__Petrotogaceae;g__;s__	taxonomic classification defined by topology and ANI	topological placement and ANI have congruent species assignments	N/A	95.02	11	N/A	N/A
bin.0065	d__Bacteria;p__Firmicutes_G;c__Limnochordia;o__JAAZLZ01;f__JAAZLZ01;g__JAAZLZ01;s__JAAZLZ01 sp012799075	GCA_012799075.1	95.0	d__Bacteria;p__Firmicutes_G;c__Limnochordia;o__JAAZLZ01;f__JAAZLZ01;g__JAAZLZ01;s__JAAZLZ01 sp012799075	97.94	0.68	GCA_012799075.1	95.0	d__Bacteria;p__Firmicutes_G;c__Limnochordia;o__JAAZLZ01;f__JAAZLZ01;g__JAAZLZ01;s__JAAZLZ01 sp012799075	97.94	0.68	d__Bacteria;p__Firmicutes_G;c__Limnochordia;o__JAAZLZ01;f__JAAZLZ01;g__JAAZLZ01;s__	taxonomic classification defined by topology and ANI	topological placement and ANI have congruent species assignments	GCA_012522085.1, s__JAAZLZ01 sp012522085, 95.0, 84.59, 0.59; GCA_012521755.1, s__JAAZLZ01 sp012521755, 95.0, 83.86, 0.6	46.71	11	N/A	Genome has more than 24.2% of markers with multiple hits
bin.0066	d__Bacteria;p__Firmicutes;c__Bacilli;o__Acholeplasmatales;f__Acholeplasmataceae;g__DUQW01;s__DUQW01 sp012515785	GCA_012515785.1	95.0	d__Bacteria;p__Firmicutes;c__Bacilli;o__Acholeplasmatales;f__Acholeplasmataceae;g__DUQW01;s__DUQW01 sp012515785	97.9	0.92	GCA_012515785.1	95.0	d__Bacteria;p__Firmicutes;c__Bacilli;o__Acholeplasmatales;f__Acholeplasmataceae;g__DUQW01;s__DUQW01 sp012515785	97.9	0.92	d__Bacteria;p__Firmicutes;c__Bacilli;o__Acholeplasmatales;f__Acholeplasmataceae;g__DUQW01;s__	taxonomic classification defined by topology and ANI	topological placement and ANI have congruent species assignments	GCA_012837585.1, s__DUQW01 sp012837585, 95.0, 85.87, 0.77; GCA_012520715.1, s__DUQW01 sp012520715, 95.0, 78.51, 0.54	85.29	11	N/A	N/A
bin.0067	d__Bacteria;p__Firmicutes_G;c__Limnochordia;o__DTU010;f__DTU010;g__UBA5420;s__UBA5420 sp012518325	GCA_012518325.1	95.0	d__Bacteria;p__Firmicutes_G;c__Limnochordia;o__DTU010;f__DTU010;g__UBA5420;s__UBA5420 sp012518325	99.53	0.9	GCA_012518325.1	95.0	d__Bacteria;p__Firmicutes_G;c__Limnochordia;o__DTU010;f__DTU010;g__UBA5420;s__UBA5420 sp012518325	99.53	0.9	d__Bacteria;p__Firmicutes_G;c__Limnochordia;o__DTU010;f__DTU010;g__UBA5420;s__	taxonomic classification defined by topology and ANI	topological placement and ANI have congruent species assignments	GCA_012520315.1, s__UBA5420 sp012520315, 95.0, 81.53, 0.67; GCA_002424045.1, s__UBA5420 sp002424045, 95.0, 77.99, 0.25; GCA_012837925.1, s__UBA5420 sp012837925, 95.0, 77.84, 0.21; GCA_002409455.1, s__UBA5420 sp002409455, 95.0, 77.79, 0.2; GCA_012838305.1, s__UBA5420 sp012838305, 95.0, 77.34, 0.16; GCA_012799115.1, s__UBA5420 sp012799115, 95.0, 77.32, 0.16; GCA_012520355.1, s__UBA5420 sp012520355, 95.0, 77.25, 0.16	86.48	11	N/A	N/A
bin.0068	d__Bacteria;p__Patescibacteria;c__Paceibacteria;o__UBA6257;f__;g__;s__	N/A	N/A	N/A	N/A	N/A	N/A	N/A	N/A	N/A	N/A	d__Bacteria;p__Patescibacteria;c__Paceibacteria;o__UBA6257;f__;g__;s__	taxonomic novelty determined using RED	N/A	N/A	33.97	11	0.6959643291791872	N/A
bin.0069	d__Bacteria;p__Bacteroidota;c__Bacteroidia;o__Bacteroidales;f__ML635J-15;g__Bact-19;s__Bact-19 sp002412425	GCA_002412425.1	95.0	d__Bacteria;p__Bacteroidota;c__Bacteroidia;o__Bacteroidales;f__ML635J-15;g__Bact-19;s__Bact-19 sp002412425	98.81	0.87	GCA_002412425.1	95.0	d__Bacteria;p__Bacteroidota;c__Bacteroidia;o__Bacteroidales;f__ML635J-15;g__Bact-19;s__Bact-19 sp002412425	98.81	0.87	d__Bacteria;p__Bacteroidota;c__Bacteroidia;o__Bacteroidales;f__ML635J-15;g__Bact-19;s__	taxonomic classification defined by topology and ANI	topological placement and ANI have congruent species assignments	GCA_012512075.1, s__Bact-19 sp012512075, 95.0, 81.23, 0.56; GCA_902776565.1, s__Bact-19 sp902776565, 95.0, 76.81, 0.03; GCA_902800045.1, s__Bact-19 sp902800045, 95.0, 76.71, 0.01; GCA_001603595.1, s__Bact-19 sp001603595, 95.0, 76.4, 0.1; GCA_902762455.1, s__Bact-19 sp902762455, 95.0, 76.3, 0.01; GCA_003249955.1, s__Bact-19 sp003249955, 95.0, 76.26, 0.11; GCA_902790405.1, s__Bact-19 sp902790405, 95.0, 76.11, 0.02; GCA_902791865.1, s__Bact-19 sp902791865, 95.0, 75.99, 0.02; GCA_002869385.1, s__Bact-19 sp002869385, 95.0, 75.53, 0.09; GCA_002310235.1, s__Bact-19 sp002310235, 95.0, 75.04, 0.02	56.74	11	N/A	N/A
bin.0070	d__Bacteria;p__Bacteroidota;c__Bacteroidia;o__Bacteroidales;f__Paludibacteraceae;g__MVYY01;s__	N/A	N/A	N/A	N/A	N/A	N/A	N/A	N/A	N/A	N/A	d__Bacteria;p__Bacteroidota;c__Bacteroidia;o__Bacteroidales;f__Paludibacteraceae;g__;s__	taxonomic novelty determined using RED	N/A	N/A	97.78	11	0.9355448042077623	N/A
bin.0071	d__Bacteria;p__Firmicutes_A;c__Clostridia;o__Oscillospirales;f__Oscillospiraceae;g__UBA5446;s__	N/A	N/A	N/A	N/A	N/A	GCA_012513005.1	95.0	d__Bacteria;p__Firmicutes_A;c__Clostridia;o__Oscillospirales;f__Oscillospiraceae;g__UBA5446;s__UBA5446 sp012513005	77.15	0.04	d__Bacteria;p__Firmicutes_A;c__Clostridia;o__Oscillospirales;f__Oscillospiraceae;g__UBA5446;s__	taxonomic classification defined by topology and ANI	N/A	GCA_900759385.1, s__UBA5446 sp900759385, 95.0, 77.22, 0.04; GCA_004553625.1, s__UBA5446 sp004553625, 95.0, 76.29, 0.05; GCA_900543085.1, s__UBA5446 sp900543085, 95.0, 76.22, 0.05; GCA_900544765.1, s__UBA5446 sp900544765, 95.0, 76.17, 0.05; GCA_900752445.1, s__UBA5446 sp900752445, 95.0, 76.15, 0.05; GCA_900546485.1, s__UBA5446 sp900546485, 95.0, 76.01, 0.06; GCA_900545405.1, s__UBA5446 sp900545405, 95.0, 76.01, 0.05; GCA_900546615.1, s__UBA5446 sp900546615, 95.0, 75.99, 0.05; GCA_002427465.1, s__UBA5446 sp002427465, 95.0, 75.68, 0.01; GCA_900544295.1, s__UBA5446 sp900544295, 95.0, 75.61, 0.06	56.64	11	0.9436595760279445	N/A
bin.0072	d__Bacteria;p__Caldatribacteriota;c__Caldatribacteriia;o__Caldatribacteriales;f__UBA8910;g__UBA8910;s__UBA8910 sp002069605	GCA_002069605.1	95.0	d__Bacteria;p__Caldatribacteriota;c__Caldatribacteriia;o__Caldatribacteriales;f__UBA8910;g__UBA8910;s__UBA8910 sp002069605	98.81	0.76	GCA_002069605.1	95.0	d__Bacteria;p__Caldatribacteriota;c__Caldatribacteriia;o__Caldatribacteriales;f__UBA8910;g__UBA8910;s__UBA8910 sp002069605	98.81	0.76	d__Bacteria;p__Caldatribacteriota;c__Caldatribacteriia;o__Caldatribacteriales;f__UBA8910;g__UBA8910;s__	taxonomic classification defined by topology and ANI	topological placement and ANI have congruent species assignments	GCA_003542295.1, s__UBA8910 sp003542295, 95.0, 90.43, 0.67; GCA_012517635.1, s__UBA8910 sp012517635, 95.0, 85.86, 0.64; GCA_012517485.1, s__UBA8910 sp012517485, 95.0, 83.75, 0.57	69.9	11	N/A	N/A
bin.0073	d__Bacteria;p__Firmicutes_G;c__Limnochordia;o__DTU087;f__DTU087;g__JAAYSL01;s__	N/A	N/A	N/A	N/A	N/A	GCA_012518315.1	95.0	d__Bacteria;p__Firmicutes_G;c__Limnochordia;o__DTU087;f__DTU087;g__JAAYSL01;s__JAAYSL01 sp012518315	92.6	0.65	d__Bacteria;p__Firmicutes_G;c__Limnochordia;o__DTU087;f__DTU087;g__;s__	taxonomic classification defined by topology and ANI	N/A	N/A	65.04	11	0.9679745229989988	Genome has more than 10.8% of markers with multiple hits
bin.0074	d__Bacteria;p__Ratteibacteria;c__UBA8468;o__B48-G9;f__B48-G9;g__JAAYXZ01;s__JAAYXZ01 sp012515635	GCA_012515635.1	95.0	d__Bacteria;p__Ratteibacteria;c__UBA8468;o__B48-G9;f__B48-G9;g__JAAYXZ01;s__JAAYXZ01 sp012515635	99.23	0.9	GCA_012515635.1	95.0	d__Bacteria;p__Ratteibacteria;c__UBA8468;o__B48-G9;f__B48-G9;g__JAAYXZ01;s__JAAYXZ01 sp012515635	99.23	0.9	d__Bacteria;p__Ratteibacteria;c__UBA8468;o__B48-G9;f__B48-G9;g__;s__	taxonomic classification defined by topology and ANI	topological placement and ANI have congruent species assignments	N/A	66.85	11	N/A	N/A
bin.0075	d__Bacteria;p__Bacteroidota;c__Bacteroidia;o__Bacteroidales;f__VadinHA17;g__SR-FBR-E99;s__SR-FBR-E99 sp009881065	GCA_009881065.1	95.0	d__Bacteria;p__Bacteroidota;c__Bacteroidia;o__Bacteroidales;f__VadinHA17;g__SR-FBR-E99;s__SR-FBR-E99 sp009881065	98.08	0.71	GCA_009881065.1	95.0	d__Bacteria;p__Bacteroidota;c__Bacteroidia;o__Bacteroidales;f__VadinHA17;g__SR-FBR-E99;s__SR-FBR-E99 sp009881065	98.08	0.71	d__Bacteria;p__Bacteroidota;c__Bacteroidia;o__Bacteroidales;f__VadinHA17;g__SR-FBR-E99;s__	taxonomic classification defined by topology and ANI	topological placement and ANI have congruent species assignments	GCA_002409145.1, s__SR-FBR-E99 sp002409145, 95.0, 83.15, 0.72; GCA_012513795.1, s__SR-FBR-E99 sp012513795, 95.0, 79.18, 0.38; GCA_006227095.1, s__SR-FBR-E99 sp006227095, 95.0, 79.11, 0.25; GCA_002402965.1, s__SR-FBR-E99 sp002402965, 95.0, 78.77, 0.44; GCA_012514255.1, s__SR-FBR-E99 sp012514255, 95.0, 78.57, 0.38; GCA_002383485.1, s__SR-FBR-E99 sp002383485, 95.0, 78.28, 0.46; GCA_002403305.1, s__SR-FBR-E99 sp002403305, 95.0, 78.02, 0.32; GCA_011620595.1, s__SR-FBR-E99 sp011620595, 95.0, 77.96, 0.28; GCA_003250475.1, s__SR-FBR-E99 sp003250475, 95.0, 77.9, 0.26; GCA_002325785.1, s__SR-FBR-E99 sp002325785, 95.0, 77.37, 0.27; GCA_003245695.1, s__SR-FBR-E99 sp003245695, 95.0, 77.18, 0.06	37.4	11	N/A	N/A
bin.0076	d__Bacteria;p__Firmicutes_E;c__DTU015;o__D8A-2;f__D2;g__UBA3907;s__	N/A	N/A	N/A	N/A	N/A	GCA_002391545.1	95.0	d__Bacteria;p__Firmicutes_E;c__DTU015;o__D8A-2;f__D2;g__UBA3907;s__UBA3907 sp002391545	82.29	0.25	d__Bacteria;p__Firmicutes_E;c__DTU015;o__D8A-2;f__D2;g__;s__	taxonomic classification defined by topology and ANI	N/A	N/A	89.95	11	0.9263948915461577	N/A
bin.0077	d__Bacteria;p__Actinobacteriota;c__Actinomycetia;o__Propionibacteriales;f__Propionibacteriaceae;g__Brevilactibacter;s__	N/A	N/A	N/A	N/A	N/A	N/A	N/A	N/A	N/A	N/A	d__Bacteria;p__Actinobacteriota;c__Actinomycetia;o__Propionibacteriales;f__Propionibacteriaceae;g__;s__	taxonomic novelty determined using RED	N/A	N/A	97.52	11	0.9245742688552558	N/A
bin.0078	d__Bacteria;p__Firmicutes;c__Bacilli;o__ML615J-28;f__CAG-698;g__DTU067;s__DTU067 sp012841865	GCA_012841865.1	95.0	d__Bacteria;p__Firmicutes;c__Bacilli;o__ML615J-28;f__CAG-698;g__DTU067;s__DTU067 sp012841865	98.77	0.85	GCA_012841865.1	95.0	d__Bacteria;p__Firmicutes;c__Bacilli;o__ML615J-28;f__CAG-698;g__DTU067;s__DTU067 sp012841865	98.77	0.85	d__Bacteria;p__Firmicutes;c__Bacilli;o__ML615J-28;f__CAG-698;g__DTU067;s__	taxonomic classification defined by topology and ANI	topological placement and ANI have congruent species assignments	GCA_001512995.1, s__DTU067 sp001512995, 95.0, 77.9, 0.21	88.56	11	N/A	N/A
bin.0079	d__Bacteria;p__Bacteroidota;c__Bacteroidia;o__Bacteroidales;f__WCHB1-69;g__UBA5266;s__UBA5266 sp012519525	GCA_012519525.1	95.0	d__Bacteria;p__Bacteroidota;c__Bacteroidia;o__Bacteroidales;f__WCHB1-69;g__UBA5266;s__UBA5266 sp012519525	99.51	0.89	GCA_012519525.1	95.0	d__Bacteria;p__Bacteroidota;c__Bacteroidia;o__Bacteroidales;f__WCHB1-69;g__UBA5266;s__UBA5266 sp012519525	99.51	0.89	d__Bacteria;p__Bacteroidota;c__Bacteroidia;o__Bacteroidales;f__WCHB1-69;g__UBA5266;s__	taxonomic classification defined by topology and ANI	topological placement and ANI have congruent species assignments	GCA_012518765.1, s__UBA5266 sp012518765, 95.0, 77.02, 0.24; GCA_002069895.1, s__UBA5266 sp002069895, 95.0, 76.66, 0.13; GCA_002411545.1, s__UBA5266 sp002411545, 95.0, 76.63, 0.15	91.03	11	N/A	N/A
bin.0080	d__Bacteria;p__Spirochaetota;c__UBA4802;o__UBA4802;f__UBA5550;g__JAAYBQ01;s__	N/A	N/A	N/A	N/A	N/A	GCA_012730035.1	95.0	d__Bacteria;p__Spirochaetota;c__UBA4802;o__UBA4802;f__UBA5550;g__JAAYBQ01;s__JAAYBQ01 sp012730035	88.47	0.72	d__Bacteria;p__Spirochaetota;c__UBA4802;o__UBA4802;f__UBA5550;g__;s__	taxonomic classification defined by topology and ANI	N/A	N/A	45.66	11	0.9715618017456382	Genome not assigned to closest species as it falls outside its pre-defined ANI radius
bin.0081	d__Bacteria;p__Firmicutes_A;c__Clostridia;o__Oscillospirales;f__CAG-272;g__DTU078;s__DTU078 sp002385415	GCA_002385415.1	95.0	d__Bacteria;p__Firmicutes_A;c__Clostridia;o__Oscillospirales;f__CAG-272;g__DTU078;s__DTU078 sp002385415	99.82	0.96	GCA_002385415.1	95.0	d__Bacteria;p__Firmicutes_A;c__Clostridia;o__Oscillospirales;f__CAG-272;g__DTU078;s__DTU078 sp002385415	99.82	0.96	d__Bacteria;p__Firmicutes_A;c__Clostridia;o__Oscillospirales;f__CAG-272;g__DTU078;s__	taxonomic classification defined by topology and ANI	topological placement and ANI have congruent species assignments	GCA_012840355.1, s__DTU078 sp012840355, 95.0, 79.33, 0.63; GCA_002397345.1, s__DTU078 sp002397345, 95.0, 76.21, 0.2	90.89	11	N/A	N/A
bin.0082	d__Bacteria;p__Firmicutes_E;c__DTU015;o__D8A-2;f__D2;g__;s__	N/A	N/A	N/A	N/A	N/A	N/A	N/A	N/A	N/A	N/A	d__Bacteria;p__Firmicutes_E;c__DTU015;o__D8A-2;f__D2;g__;s__	taxonomic novelty determined using RED	N/A	N/A	86.64	11	0.8779948540400127	N/A
bin.0083	d__Bacteria;p__Firmicutes_G;c__Limnochordia;o__DTU010;f__DTU010;g__DTU010;s__DTU010 sp002391385	GCA_002391385.1	95.0	d__Bacteria;p__Firmicutes_G;c__Limnochordia;o__DTU010;f__DTU010;g__DTU010;s__DTU010 sp002391385	99.82	0.98	GCA_002391385.1	95.0	d__Bacteria;p__Firmicutes_G;c__Limnochordia;o__DTU010;f__DTU010;g__DTU010;s__DTU010 sp002391385	99.82	0.98	d__Bacteria;p__Firmicutes_G;c__Limnochordia;o__DTU010;f__DTU010;g__DTU010;s__	taxonomic classification defined by topology and ANI	topological placement and ANI have congruent species assignments	GCA_900018335.1, s__DTU010 sp900018335, 95.0, 80.39, 0.74; GCA_012521335.1, s__DTU010 sp012521335, 95.0, 79.75, 0.67; GCA_012840725.1, s__DTU010 sp012840725, 95.0, 78.95, 0.52; GCA_012837385.1, s__DTU010 sp012837385, 95.0, 78.44, 0.46	87.57	11	N/A	N/A
bin.0084	d__Bacteria;p__Planctomycetota;c__Phycisphaerae;o__Sedimentisphaerales;f__Anaerohalophaeraceae;g__B28-G16;s__	N/A	N/A	N/A	N/A	N/A	GCA_003644175.1	95.0	d__Bacteria;p__Planctomycetota;c__Phycisphaerae;o__Sedimentisphaerales;f__Anaerohalophaeraceae;g__B28-G16;s__B28-G16 sp003644175	76.21	0.11	d__Bacteria;p__Planctomycetota;c__Phycisphaerae;o__Sedimentisphaerales;f__Anaerohalophaeraceae;g__;s__	taxonomic classification defined by topology and ANI	N/A	N/A	85.09	11	0.893662080449674	N/A
bin.0085	d__Bacteria;p__Firmicutes;c__Bacilli;o__RFN20;f__CAG-826;g__JAAYSA01;s__JAAYSA01 sp012518455	GCA_012518455.1	95.0	d__Bacteria;p__Firmicutes;c__Bacilli;o__RFN20;f__CAG-826;g__JAAYSA01;s__JAAYSA01 sp012518455	96.39	0.75	GCA_012518455.1	95.0	d__Bacteria;p__Firmicutes;c__Bacilli;o__RFN20;f__CAG-826;g__JAAYSA01;s__JAAYSA01 sp012518455	96.39	0.75	d__Bacteria;p__Firmicutes;c__Bacilli;o__RFN20;f__CAG-826;g__;s__	taxonomic classification defined by topology and ANI	topological placement and ANI have congruent species assignments	N/A	70.9	11	N/A	N/A
bin.0086	d__Bacteria;p__Spirochaetota;c__Spirochaetia;o__Sphaerochaetales;f__Sphaerochaetaceae;g__DUOJ01;s__DUOJ01 sp012838895	GCA_012838895.1	95.0	d__Bacteria;p__Spirochaetota;c__Spirochaetia;o__Sphaerochaetales;f__Sphaerochaetaceae;g__DUOJ01;s__DUOJ01 sp012838895	99.02	0.77	GCA_012838895.1	95.0	d__Bacteria;p__Spirochaetota;c__Spirochaetia;o__Sphaerochaetales;f__Sphaerochaetaceae;g__DUOJ01;s__DUOJ01 sp012838895	99.02	0.77	d__Bacteria;p__Spirochaetota;c__Spirochaetia;o__Sphaerochaetales;f__Sphaerochaetaceae;g__;s__	taxonomic classification defined by topology and ANI	topological placement and ANI have congruent species assignments	N/A	66.21	11	N/A	N/A
bin.0087	d__Bacteria;p__Firmicutes_A;c__Ch29;o__Ch29;f__Ch29;g__JAAYEV01;s__	N/A	N/A	N/A	N/A	N/A	GCA_012728565.1	95.0	d__Bacteria;p__Firmicutes_A;c__Ch29;o__Ch29;f__Ch29;g__JAAYEV01;s__JAAYEV01 sp012728565	94.51	0.71	d__Bacteria;p__Firmicutes_A;c__Ch29;o__Ch29;f__Ch29;g__JAAYEV01;s__	taxonomic classification defined by topology and ANI	N/A	GCA_012523075.1, s__JAAYEV01 sp012523075, 95.0, 80.26, 0.49	64.07	11	0.9868615086259958	Genome not assigned to closest species as it falls outside its pre-defined ANI radius
bin.0088	d__Bacteria;p__Desulfobacterota;c__Desulfomonilia;o__UBA1062;f__UBA1062;g__UBA1062;s__UBA1062 sp001896555	GCA_001896555.1	95.0	d__Bacteria;p__Desulfobacterota;c__Desulfomonilia;o__UBA1062;f__UBA1062;g__UBA1062;s__UBA1062 sp001896555	99.38	0.88	GCA_001896555.1	95.0	d__Bacteria;p__Desulfobacterota;c__Desulfomonilia;o__UBA1062;f__UBA1062;g__UBA1062;s__UBA1062 sp001896555	99.38	0.88	d__Bacteria;p__Desulfobacterota;c__Desulfomonilia;o__UBA1062;f__UBA1062;g__UBA1062;s__	taxonomic classification defined by topology and ANI	topological placement and ANI have congruent species assignments	GCA_002316295.1, s__UBA1062 sp002316295, 95.0, 80.79, 0.52; GCA_002448235.1, s__UBA1062 sp002448235, 95.0, 77.26, 0.23	84.16	11	N/A	N/A
bin.0089	d__Bacteria;p__Firmicutes_A;c__Clostridia_A;o__Christensenellales;f__DTU072;g__JAAZJD01;s__JAAZJD01 sp012800525	GCA_012800525.1	95.0	d__Bacteria;p__Firmicutes_A;c__Clostridia_A;o__Christensenellales;f__DTU072;g__JAAZJD01;s__JAAZJD01 sp012800525	99.48	0.96	GCA_012800525.1	95.0	d__Bacteria;p__Firmicutes_A;c__Clostridia_A;o__Christensenellales;f__DTU072;g__JAAZJD01;s__JAAZJD01 sp012800525	99.48	0.96	d__Bacteria;p__Firmicutes_A;c__Clostridia_A;o__Christensenellales;f__DTU072;g__JAAZJD01;s__	taxonomic classification defined by topology and ANI	topological placement and ANI have congruent species assignments	GCA_012841525.1, s__JAAZJD01 sp012841525, 95.0, 80.08, 0.65	87.75	11	N/A	N/A
bin.0090	d__Bacteria;p__Firmicutes_H;c__UBA994;o__UBA994;f__UBA5500;g__UBA5500;s__	N/A	N/A	N/A	N/A	N/A	GCA_012727835.1	95.0	d__Bacteria;p__Firmicutes_H;c__UBA994;o__UBA994;f__UBA5500;g__UBA5500;s__UBA5500 sp012727835	81.04	0.59	d__Bacteria;p__Firmicutes_H;c__UBA994;o__UBA994;f__UBA5500;g__UBA5500;s__	taxonomic classification defined by topology and ANI	N/A	GCA_002427055.1, s__UBA5500 sp002427055, 95.0, 77.7, 0.15	91.78	11	0.9233659599812404	N/A
bin.0091	d__Bacteria;p__Desulfobacterota;c__Syntrophia;o__Syntrophales;f__Smithellaceae;g__UBA8904;s__	N/A	N/A	N/A	N/A	N/A	GCA_012522275.1	95.0	d__Bacteria;p__Desulfobacterota;c__Syntrophia;o__Syntrophales;f__Smithellaceae;g__UBA8904;s__UBA8904 sp012522275	80.85	0.7	d__Bacteria;p__Desulfobacterota;c__Syntrophia;o__Syntrophales;f__Smithellaceae;g__UBA8904;s__	taxonomic classification defined by topology and ANI	N/A	GCA_012510495.1, s__UBA8904 sp012510495, 95.0, 79.27, 0.24; GCA_012797505.1, s__UBA8904 sp012797505, 95.0, 77.99, 0.2; GCA_002304995.1, s__UBA8904 sp002304995, 95.0, 77.9, 0.18; GCA_012729055.1, s__UBA8904 sp012729055, 95.0, 77.63, 0.17; GCA_003506745.1, s__UBA8904 sp003506745, 95.0, 77.52, 0.21; GCA_009668925.1, s__UBA8904 sp009668925, 95.0, 77.34, 0.13; GCA_002070455.1, s__UBA8904 sp002070455, 95.0, 77.28, 0.13; GCA_002347685.1, s__UBA8904 sp002347685, 95.0, 77.15, 0.14; GCA_903904655.1, s__UBA8904 sp903904655, 95.0, 77.11, 0.13; GCA_002840435.1, s__UBA8904 sp002840435, 95.0, 77.07, 0.17; GCA_009773315.1, s__UBA8904 sp009773315, 95.0, 76.94, 0.14; GCA_002382045.1, s__UBA8904 sp002382045, 95.0, 76.72, 0.14; GCA_002840635.1, s__UBA8904 sp002840635, 95.0, 76.65, 0.09	91.07	11	0.9864306282041053	Genome not assigned to closest species as it falls outside its pre-defined ANI radius
bin.0092	d__Bacteria;p__Bacteroidota;c__Bacteroidia;o__Bacteroidales;f__VadinHA17;g__LD21;s__	N/A	N/A	N/A	N/A	N/A	GCA_012522155.1	95.0	d__Bacteria;p__Bacteroidota;c__Bacteroidia;o__Bacteroidales;f__VadinHA17;g__LD21;s__LD21 sp012522155	83.63	0.88	d__Bacteria;p__Bacteroidota;c__Bacteroidia;o__Bacteroidales;f__VadinHA17;g__LD21;s__	taxonomic classification defined by topology and ANI	N/A	GCA_009877105.1, s__LD21 sp009877105, 95.0, 78.06, 0.1; GCA_003501665.1, s__LD21 sp003501665, 95.0, 76.91, 0.16; GCA_012519515.1, s__LD21 sp012519515, 95.0, 76.68, 0.07; GCA_012729475.1, s__LD21 sp012729475, 95.0, 76.64, 0.06; GCA_002070505.1, s__LD21 sp002070505, 95.0, 76.54, 0.07; GCA_003141525.1, s__LD21 sp003141525, 95.0, 76.37, 0.04; GCA_003142255.1, s__LD21 sp003142255, 95.0, 76.33, 0.05; GCA_002428385.1, s__LD21 sp002428385, 95.0, 76.13, 0.07; GCA_003141715.1, s__LD21 sp003141715, 95.0, 76.08, 0.04; GCA_003152835.1, s__LD21 sp003152835, 95.0, 76.07, 0.06; GCA_003157055.1, s__LD21 sp003157055, 95.0, 76.04, 0.05; GCA_003520925.1, s__LD21 sp003520925, 95.0, 76.0, 0.05; GCA_002328625.1, s__LD21 sp002328625, 95.0, 75.89, 0.05; GCA_903824785.1, s__LD21 sp903824785, 95.0, 75.87, 0.04; GCA_012517605.1, s__LD21 sp012517605, 95.0, 75.85, 0.07; GCA_003141895.1, s__LD21 sp003141895, 95.0, 75.82, 0.03; GCA_002319885.1, s__LD21 sp002319885, 95.0, 75.8, 0.03; GCA_903844815.1, s__LD21 sp903844815, 95.0, 75.79, 0.04; GCA_002319915.1, s__LD21 sp002319915, 95.0, 75.75, 0.05; GCA_003157015.1, s__LD21 sp003157015, 95.0, 75.71, 0.04; GCA_003162595.1, s__LD21 sp003162595, 95.0, 75.69, 0.03; GCA_002424525.1, s__LD21 sp002424525, 95.0, 75.66, 0.07; GCA_013314865.1, s__LD21 sp013314865, 95.0, 75.62, 0.05; GCA_001768195.1, s__LD21 sp001768195, 95.0, 75.5, 0.05; GCA_003155705.1, s__LD21 sp003155705, 95.0, 75.49, 0.03; GCA_003141415.1, s__LD21 sp003141415, 95.0, 75.47, 0.04; GCA_003157075.1, s__LD21 sp003157075, 95.0, 75.39, 0.03; GCA_003141495.1, s__LD21 sp003141495, 95.0, 75.39, 0.04	93.77	11	0.9851107409155696	Genome not assigned to closest species as it falls outside its pre-defined ANI radius
bin.0094	d__Bacteria;p__Synergistota;c__Synergistia;o__Synergistales;f__Thermovirgaceae;g__58-81;s__58-81 sp002070395	GCA_002070395.1	95.0	d__Bacteria;p__Synergistota;c__Synergistia;o__Synergistales;f__Thermovirgaceae;g__58-81;s__58-81 sp002070395	97.58	0.77	GCA_002070395.1	95.0	d__Bacteria;p__Synergistota;c__Synergistia;o__Synergistales;f__Thermovirgaceae;g__58-81;s__58-81 sp002070395	97.58	0.77	d__Bacteria;p__Synergistota;c__Synergistia;o__Synergistales;f__Thermovirgaceae;g__58-81;s__	taxonomic classification defined by topology and ANI	topological placement and ANI have congruent species assignments	GCA_012523215.1, s__58-81 sp012523215, 95.0, 84.11, 0.65; GCA_001509095.1, s__58-81 sp001509095, 95.0, 79.13, 0.42; GCA_012729145.1, s__58-81 sp012729145, 95.0, 79.09, 0.4	71.79	11	N/A	Genome has more than 10.0% of markers with multiple hits
bin.0095	d__Bacteria;p__Bacteroidota;c__Bacteroidia;o__Bacteroidales;f__Prolixibacteraceae;g__Mariniphaga;s__	N/A	N/A	N/A	N/A	N/A	N/A	N/A	N/A	N/A	N/A	d__Bacteria;p__Bacteroidota;c__Bacteroidia;o__Bacteroidales;f__Prolixibacteraceae;g__;s__	taxonomic novelty determined using RED	N/A	N/A	84.91	11	0.9467446928008277	N/A
bin.0096	d__Bacteria;p__Patescibacteria;c__Paceibacteria;o__Paceibacterales;f__UBA5633;g__JAAZMU01;s__JAAZMU01 sp012798645	GCA_012798645.1	95.0	d__Bacteria;p__Patescibacteria;c__Paceibacteria;o__Paceibacterales;f__UBA5633;g__JAAZMU01;s__JAAZMU01 sp012798645	99.16	0.97	GCA_012798645.1	95.0	d__Bacteria;p__Patescibacteria;c__Paceibacteria;o__Paceibacterales;f__UBA5633;g__JAAZMU01;s__JAAZMU01 sp012798645	99.16	0.97	d__Bacteria;p__Patescibacteria;c__Paceibacteria;o__Paceibacterales;f__UBA5633;g__;s__	taxonomic classification defined by topology and ANI	topological placement and ANI have congruent species assignments	N/A	66.57	11	N/A	N/A
bin.0097	d__Bacteria;p__Firmicutes;c__Bacilli;o__RFN20;f__CAG-826;g__UBA1361;s__UBA1361 sp002306335	GCA_002306335.1	95.0	d__Bacteria;p__Firmicutes;c__Bacilli;o__RFN20;f__CAG-826;g__UBA1361;s__UBA1361 sp002306335	99.24	0.91	GCA_002306335.1	95.0	d__Bacteria;p__Firmicutes;c__Bacilli;o__RFN20;f__CAG-826;g__UBA1361;s__UBA1361 sp002306335	99.24	0.91	d__Bacteria;p__Firmicutes;c__Bacilli;o__RFN20;f__CAG-826;g__UBA1361;s__	taxonomic classification defined by topology and ANI	topological placement and ANI have congruent species assignments	GCA_002070905.1, s__UBA1361 sp002070905, 95.0, 85.67, 0.69; GCA_002069815.1, s__UBA1361 sp002069815, 95.0, 80.69, 0.59	84.38	11	N/A	N/A
bin.0098	d__Bacteria;p__Firmicutes;c__Bacilli;o__ML615J-28;f__CAG-313;g__DUOG01;s__DUOG01 sp012838945	GCA_012838945.1	95.0	d__Bacteria;p__Firmicutes;c__Bacilli;o__ML615J-28;f__CAG-313;g__DUOG01;s__DUOG01 sp012838945	99.23	0.74	GCA_012838945.1	95.0	d__Bacteria;p__Firmicutes;c__Bacilli;o__ML615J-28;f__CAG-313;g__DUOG01;s__DUOG01 sp012838945	99.23	0.74	d__Bacteria;p__Firmicutes;c__Bacilli;o__ML615J-28;f__CAG-313;g__;s__	taxonomic classification defined by topology and ANI	topological placement and ANI have congruent species assignments	N/A	77.03	11	N/A	N/A
bin.0099	d__Bacteria;p__Firmicutes;c__Bacilli;o__RFN20;f__UBA1709;g__DUOZ01;s__DUOZ01 sp012838555	GCA_012838555.1	95.0	d__Bacteria;p__Firmicutes;c__Bacilli;o__RFN20;f__UBA1709;g__DUOZ01;s__DUOZ01 sp012838555	99.12	0.82	GCA_012838555.1	95.0	d__Bacteria;p__Firmicutes;c__Bacilli;o__RFN20;f__UBA1709;g__DUOZ01;s__DUOZ01 sp012838555	99.12	0.82	d__Bacteria;p__Firmicutes;c__Bacilli;o__RFN20;f__UBA1709;g__;s__	taxonomic classification defined by topology and ANI	topological placement and ANI have congruent species assignments	N/A	84.36	11	N/A	N/A
bin.0100	d__Bacteria;p__Firmicutes_G;c__SHA-98;o__DTUO25;f__DTU025;g__UBA10085;s__UBA10085 sp012842765	GCA_012842765.1	95.0	d__Bacteria;p__Firmicutes_G;c__SHA-98;o__DTUO25;f__DTU025;g__UBA10085;s__UBA10085 sp012842765	99.36	0.97	GCA_012842765.1	95.0	d__Bacteria;p__Firmicutes_G;c__SHA-98;o__DTUO25;f__DTU025;g__UBA10085;s__UBA10085 sp012842765	99.36	0.97	d__Bacteria;p__Firmicutes_G;c__SHA-98;o__DTUO25;f__DTU025;g__UBA10085;s__	taxonomic classification defined by topology and ANI	topological placement and ANI have congruent species assignments	GCA_003456765.1, s__UBA10085 sp003456765, 95.0, 80.17, 0.48	87.12	11	N/A	N/A
bin.0101	d__Bacteria;p__Firmicutes_B;c__Peptococcia;o__DRI-13;f__;g__;s__	N/A	N/A	N/A	N/A	N/A	N/A	N/A	N/A	N/A	N/A	d__Bacteria;p__Firmicutes_B;c__Peptococcia;o__DRI-13;f__;g__;s__	taxonomic novelty determined using RED	N/A	N/A	76.0	11	0.7147702591541061	N/A
bin.0102	d__Bacteria;p__Bacteroidota;c__Bacteroidia;o__Bacteroidales;f__UBA932;g__Bact-11;s__Bact-11 sp002376715	GCA_002376715.1	95.0	d__Bacteria;p__Bacteroidota;c__Bacteroidia;o__Bacteroidales;f__UBA932;g__Bact-11;s__Bact-11 sp002376715	95.34	0.92	GCA_002376715.1	95.0	d__Bacteria;p__Bacteroidota;c__Bacteroidia;o__Bacteroidales;f__UBA932;g__Bact-11;s__Bact-11 sp002376715	95.34	0.92	d__Bacteria;p__Bacteroidota;c__Bacteroidia;o__Bacteroidales;f__UBA932;g__Bact-11;s__	taxonomic classification defined by topology and ANI	topological placement and ANI have congruent species assignments	GCA_012511975.1, s__Bact-11 sp012511975, 95.0, 85.92, 0.87; GCA_012728975.1, s__Bact-11 sp012728975, 95.0, 85.71, 0.87; GCA_002305275.1, s__Bact-11 sp002305275, 95.0, 84.19, 0.82; GCA_012798805.1, s__Bact-11 sp012798805, 95.0, 82.29, 0.79; GCA_902778855.1, s__Bact-11 sp902778855, 95.0, 77.11, 0.04; GCA_902773925.1, s__Bact-11 sp902773925, 95.0, 76.9, 0.05; GCA_001603505.1, s__Bact-11 sp001603505, 95.0, 76.87, 0.04; GCA_902784965.1, s__Bact-11 sp902784965, 95.0, 76.78, 0.04; GCA_902789445.1, s__Bact-11 sp902789445, 95.0, 76.69, 0.03; GCA_001602845.1, s__Bact-11 sp001602845, 95.0, 76.48, 0.03; GCA_002361615.1, s__Bact-11 sp002361615, 95.0, 76.16, 0.04; GCA_002309795.1, s__Bact-11 sp002309795, 95.0, 76.01, 0.06; GCA_002314725.1, s__Bact-11 sp002314725, 95.0, 75.28, 0.02	92.32	11	N/A	N/A
bin.0103	d__Bacteria;p__Bacteroidota;c__Bacteroidia;o__Bacteroidales;f__Dysgonomonadaceae;g__Fermentimonas;s__Fermentimonas sp012838585	GCA_012838585.1	95.0	d__Bacteria;p__Bacteroidota;c__Bacteroidia;o__Bacteroidales;f__Dysgonomonadaceae;g__Fermentimonas;s__Fermentimonas sp012838585	99.2	0.94	GCA_012838585.1	95.0	d__Bacteria;p__Bacteroidota;c__Bacteroidia;o__Bacteroidales;f__Dysgonomonadaceae;g__Fermentimonas;s__Fermentimonas sp012838585	99.2	0.94	d__Bacteria;p__Bacteroidota;c__Bacteroidia;o__Bacteroidales;f__Dysgonomonadaceae;g__Fermentimonas;s__	taxonomic classification defined by topology and ANI	topological placement and ANI have congruent species assignments	GCA_012839475.1, s__Fermentimonas sp012839475, 95.0, 88.64, 0.67; GCF_001282625.1, s__Fermentimonas caenicola, 95.0, 79.39, 0.04; GCA_012518155.1, s__Fermentimonas sp012518155, 95.0, 77.14, 0.26; GCA_012841425.1, s__Fermentimonas sp012841425, 95.0, 76.62, 0.05; GCA_002398875.1, s__Fermentimonas sp002398875, 95.0, 76.6, 0.04; GCA_012513315.1, s__Fermentimonas sp012513315, 95.0, 76.36, 0.04	90.63	11	N/A	N/A
bin.0104	d__Bacteria;p__Omnitrophota;c__Koll11;o__GIF10;f__UBA6249;g__GCA-002774445;s__	N/A	N/A	N/A	N/A	N/A	GCA_002774445.1	95.0	d__Bacteria;p__Omnitrophota;c__Koll11;o__GIF10;f__UBA6249;g__GCA-002774445;s__GCA-002774445 sp002774445	76.28	0.15	d__Bacteria;p__Omnitrophota;c__Koll11;o__GIF10;f__UBA6249;g__;s__	taxonomic classification defined by topology and ANI	N/A	N/A	76.97	11	0.8956578565106112	N/A
bin.0105	d__Bacteria;p__Firmicutes_E;c__DTU015;o__D8A-2;f__D2;g__UBA3907;s__UBA3907 sp002391545	GCA_002391545.1	95.0	d__Bacteria;p__Firmicutes_E;c__DTU015;o__D8A-2;f__D2;g__UBA3907;s__UBA3907 sp002391545	99.24	0.76	GCA_002391545.1	95.0	d__Bacteria;p__Firmicutes_E;c__DTU015;o__D8A-2;f__D2;g__UBA3907;s__UBA3907 sp002391545	99.24	0.76	d__Bacteria;p__Firmicutes_E;c__DTU015;o__D8A-2;f__D2;g__;s__	taxonomic classification defined by topology and ANI	topological placement and ANI have congruent species assignments	N/A	78.44	11	N/A	N/A
bin.0106	d__Bacteria;p__Firmicutes_G;c__Limnochordia;o__DTU080;f__DTU080;g__DTU080;s__	N/A	N/A	N/A	N/A	N/A	GCA_001513395.1	95.0	d__Bacteria;p__Firmicutes_G;c__Limnochordia;o__DTU080;f__DTU080;g__DTU080;s__DTU080 sp001513395	76.77	0.11	d__Bacteria;p__Firmicutes_G;c__Limnochordia;o__DTU080;f__DTU080;g__;s__	taxonomic classification defined by topology and ANI	N/A	N/A	33.59	11	0.8752132164712998	N/A
bin.0107	d__Bacteria;p__Verrucomicrobiota;c__Verrucomicrobiae;o__Pedosphaerales;f__UBA1412;g__UBA1412;s__	N/A	N/A	N/A	N/A	N/A	GCA_002305615.1	95.0	d__Bacteria;p__Verrucomicrobiota;c__Verrucomicrobiae;o__Pedosphaerales;f__UBA1412;g__UBA1412;s__UBA1412 sp002305615	81.15	0.4	d__Bacteria;p__Verrucomicrobiota;c__Verrucomicrobiae;o__Pedosphaerales;f__UBA1412;g__UBA1412;s__	taxonomic classification defined by topology and ANI	N/A	GCA_002308515.1, s__UBA1412 sp002308515, 95.0, 77.64, 0.06	26.35	11	0.9632793525412334	N/A
bin.0108	d__Bacteria;p__Firmicutes;c__Bacilli;o__Acholeplasmatales;f__UBA5453;g__UBA5453;s__UBA5453 sp002427375	GCA_012839355.1	95.0	d__Bacteria;p__Firmicutes;c__Bacilli;o__Acholeplasmatales;f__UBA5453;g__UBA5453;s__UBA5453 sp002427375	99.34	0.85	GCA_012839355.1	95.0	d__Bacteria;p__Firmicutes;c__Bacilli;o__Acholeplasmatales;f__UBA5453;g__UBA5453;s__UBA5453 sp002427375	99.34	0.85	d__Bacteria;p__Firmicutes;c__Bacilli;o__Acholeplasmatales;f__UBA5453;g__UBA5453;s__	taxonomic classification defined by topology and ANI	topological placement and ANI have congruent species assignments	GCA_012522345.1, s__UBA5453 sp012522345, 95.0, 76.71, 0.17	55.55	11	N/A	N/A
bin.0109	d__Bacteria;p__Firmicutes_A;c__Clostridia;o__Acetivibrionales;f__DSM-8532;g__DTU069;s__DTU069 sp012730095	GCA_012730095.1	95.0	d__Bacteria;p__Firmicutes_A;c__Clostridia;o__Acetivibrionales;f__DSM-8532;g__DTU069;s__DTU069 sp012730095	98.45	0.65	GCA_012730095.1	95.0	d__Bacteria;p__Firmicutes_A;c__Clostridia;o__Acetivibrionales;f__DSM-8532;g__DTU069;s__DTU069 sp012730095	98.45	0.65	d__Bacteria;p__Firmicutes_A;c__Clostridia;o__Acetivibrionales;f__DSM-8532;g__DTU069;s__	taxonomic classification defined by topology and ANI	topological placement and ANI have congruent species assignments	GCA_001512485.1, s__DTU069 sp001512485, 95.0, 84.13, 0.6; GCA_012516065.1, s__DTU069 sp012516065, 95.0, 82.26, 0.55	44.27	11	N/A	N/A
bin.0110	d__Bacteria;p__Desulfobacterota_G;c__Syntrophorhabdia;o__Syntrophorhabdales;f__Syntrophorhabdaceae;g__Syntrophorhabdus;s__Syntrophorhabdus sp002067585	GCA_002067585.1	95.0	d__Bacteria;p__Desulfobacterota_G;c__Syntrophorhabdia;o__Syntrophorhabdales;f__Syntrophorhabdaceae;g__Syntrophorhabdus;s__Syntrophorhabdus sp002067585	98.75	0.86	GCA_002067585.1	95.0	d__Bacteria;p__Desulfobacterota_G;c__Syntrophorhabdia;o__Syntrophorhabdales;f__Syntrophorhabdaceae;g__Syntrophorhabdus;s__Syntrophorhabdus sp002067585	98.75	0.86	d__Bacteria;p__Desulfobacterota_G;c__Syntrophorhabdia;o__Syntrophorhabdales;f__Syntrophorhabdaceae;g__Syntrophorhabdus;s__	taxonomic classification defined by topology and ANI	topological placement and ANI have congruent species assignments	GCF_000512235.1, s__Syntrophorhabdus aromaticivorans, 95.0, 77.31, 0.07; GCA_002067165.1, s__Syntrophorhabdus sp002067165, 95.0, 76.37, 0.05; GCA_002067475.1, s__Syntrophorhabdus sp002067475, 95.0, 76.25, 0.04	89.42	11	N/A	N/A
bin.0111	d__Bacteria;p__SLNR01;c__SLNR01;o__SLNR01;f__;g__;s__	N/A	N/A	N/A	N/A	N/A	GCA_007132905.1	95.0	d__Bacteria;p__SLNR01;c__SLNR01;o__SLNR01;f__SLNR01;g__SLNR01;s__SLNR01 sp007132905	76.25	0.01	d__Bacteria;p__;c__;o__;f__;g__;s__	taxonomic classification defined by topology and ANI	N/A	N/A	49.24	11	0.5750124069235717	N/A
bin.0112	d__Bacteria;p__Firmicutes_E;c__DTU015;o__D8A-2;f__D2;g__;s__	N/A	N/A	N/A	N/A	N/A	N/A	N/A	N/A	N/A	N/A	d__Bacteria;p__Firmicutes_E;c__DTU015;o__D8A-2;f__D2;g__;s__	taxonomic classification fully defined by topology	N/A	N/A	90.19	11	0.7899827314805008	N/A
bin.0113	d__Bacteria;p__Spirochaetota;c__Spirochaetia;o__Sphaerochaetales;f__Sphaerochaetaceae;g__Sphaerochaeta;s__Sphaerochaeta sp004294855	GCA_004294855.1	95.0	d__Bacteria;p__Spirochaetota;c__Spirochaetia;o__Sphaerochaetales;f__Sphaerochaetaceae;g__Sphaerochaeta;s__Sphaerochaeta sp004294855	98.88	0.93	GCA_004294855.1	95.0	d__Bacteria;p__Spirochaetota;c__Spirochaetia;o__Sphaerochaetales;f__Sphaerochaetaceae;g__Sphaerochaeta;s__Sphaerochaeta sp004294855	98.88	0.93	d__Bacteria;p__Spirochaetota;c__Spirochaetia;o__Sphaerochaetales;f__Sphaerochaetaceae;g__Sphaerochaeta;s__	taxonomic classification defined by topology and ANI	topological placement and ANI have congruent species assignments	GCA_012519115.1, s__Sphaerochaeta sp012519115, 95.0, 87.3, 0.89; GCA_012800465.1, s__Sphaerochaeta sp012800465, 95.0, 86.61, 0.9; GCF_000236685.1, s__Sphaerochaeta pleomorpha, 95.0, 78.93, 0.04; GCF_000190435.1, s__Sphaerochaeta globosa, 95.0, 77.82, 0.07; GCF_003429665.1, s__Sphaerochaeta halotolerans, 95.0, 77.4, 0.05; GCA_001604325.1, s__Sphaerochaeta sp001604325, 95.0, 76.96, 0.22; GCA_002432715.1, s__Sphaerochaeta sp002432715, 95.0, 76.8, 0.12; GCA_003446545.1, s__Sphaerochaeta sp003446545, 95.0, 76.66, 0.03; GCA_001603105.1, s__Sphaerochaeta sp001603105, 95.0, 76.57, 0.15; GCA_012519125.1, s__Sphaerochaeta sp012519125, 95.0, 76.4, 0.09; GCA_009930195.1, s__Sphaerochaeta sp009930195, 95.0, 76.32, 0.09; GCA_012511235.1, s__Sphaerochaeta sp012511235, 95.0, 76.31, 0.09; GCA_012514185.1, s__Sphaerochaeta sp012514185, 95.0, 76.21, 0.09; GCA_003247345.1, s__Sphaerochaeta sp003247345, 95.0, 76.13, 0.04; GCA_001603115.1, s__Sphaerochaeta sp001603115, 95.0, 76.09, 0.08; GCA_012838275.1, s__Sphaerochaeta sp012838275, 95.0, 76.0, 0.05	88.03	11	N/A	N/A
bin.0114	d__Bacteria;p__Synergistota;c__Synergistia;o__Synergistales;f__Aminobacteriaceae;g__Aminivibrio;s__	N/A	N/A	N/A	N/A	N/A	GCA_012519165.1	95.0	d__Bacteria;p__Synergistota;c__Synergistia;o__Synergistales;f__Aminobacteriaceae;g__Aminivibrio;s__Aminivibrio sp012519165	82.95	0.72	d__Bacteria;p__Synergistota;c__Synergistia;o__Synergistales;f__Aminobacteriaceae;g__Aminivibrio;s__	taxonomic classification defined by topology and ANI	N/A	GCF_004366815.1, s__Aminivibrio pyruvatiphilus, 95.0, 78.05, 0.34; GCA_009929115.1, s__Aminivibrio sp009929115, 95.0, 77.67, 0.26; GCA_002068355.1, s__Aminivibrio sp002068355, 95.0, 77.58, 0.12; GCA_002417725.1, s__Aminivibrio sp002417725, 95.0, 77.38, 0.16; GCA_012521675.1, s__Aminivibrio sp012521675, 95.0, 77.37, 0.11; GCA_012523155.1, s__Aminivibrio sp012523155, 95.0, 77.1, 0.13; GCA_001604435.1, s__Aminivibrio sp001604435, 95.0, 77.07, 0.09	85.05	11	0.9679134633226669	Genome not assigned to closest species as it falls outside its pre-defined ANI radius
bin.0115	d__Bacteria;p__Firmicutes_A;c__Thermosediminibacteria;o__Thermosediminibacterales;f__Tepidanaerobacteraceae;g__DUNY01;s__DUNY01 sp012839145	GCA_012839145.1	95.0	d__Bacteria;p__Firmicutes_A;c__Thermosediminibacteria;o__Thermosediminibacterales;f__Tepidanaerobacteraceae;g__DUNY01;s__DUNY01 sp012839145	98.87	0.79	GCA_012839145.1	95.0	d__Bacteria;p__Firmicutes_A;c__Thermosediminibacteria;o__Thermosediminibacterales;f__Tepidanaerobacteraceae;g__DUNY01;s__DUNY01 sp012839145	98.87	0.79	d__Bacteria;p__Firmicutes_A;c__Thermosediminibacteria;o__Thermosediminibacterales;f__Tepidanaerobacteraceae;g__;s__	taxonomic classification defined by topology and ANI	topological placement and ANI have congruent species assignments	N/A	74.41	11	N/A	N/A
bin.0116	d__Bacteria;p__Desulfobacterota;c__Desulfomonilia;o__UBA1062;f__UBA1062;g__UBA1062;s__UBA1062 sp002316295	GCA_002316295.1	95.0	d__Bacteria;p__Desulfobacterota;c__Desulfomonilia;o__UBA1062;f__UBA1062;g__UBA1062;s__UBA1062 sp002316295	99.25	0.97	GCA_002316295.1	95.0	d__Bacteria;p__Desulfobacterota;c__Desulfomonilia;o__UBA1062;f__UBA1062;g__UBA1062;s__UBA1062 sp002316295	99.25	0.97	d__Bacteria;p__Desulfobacterota;c__Desulfomonilia;o__UBA1062;f__UBA1062;g__UBA1062;s__	taxonomic classification defined by topology and ANI	topological placement and ANI have congruent species assignments	GCA_001896555.1, s__UBA1062 sp001896555, 95.0, 82.48, 0.63; GCA_002448235.1, s__UBA1062 sp002448235, 95.0, 77.65, 0.23	85.07	11	N/A	Genome has more than 11.7% of markers with multiple hits
bin.0117	d__Bacteria;p__Bacteroidota;c__Bacteroidia;o__Bacteroidales;f__Paludibacteraceae;g__Paludibacter;s__Paludibacter sp012519425	GCA_012519425.1	95.0	d__Bacteria;p__Bacteroidota;c__Bacteroidia;o__Bacteroidales;f__Paludibacteraceae;g__Paludibacter;s__Paludibacter sp012519425	98.85	0.97	GCA_012519425.1	95.0	d__Bacteria;p__Bacteroidota;c__Bacteroidia;o__Bacteroidales;f__Paludibacteraceae;g__Paludibacter;s__Paludibacter sp012519425	98.85	0.97	d__Bacteria;p__Bacteroidota;c__Bacteroidia;o__Bacteroidales;f__Paludibacteraceae;g__Paludibacter;s__	taxonomic classification defined by topology and ANI	topological placement and ANI have congruent species assignments	GCA_002070265.1, s__Paludibacter sp002070265, 95.0, 89.46, 0.61; GCF_000183135.1, s__Paludibacter propionicigenes, 95.0, 79.05, 0.03; GCA_001898935.1, s__Paludibacter sp001898935, 95.0, 76.91, 0.04; GCA_903899865.1, s__Paludibacter sp903899865, 95.0, 76.88, 0.02; GCA_001873635.1, s__Paludibacter sp001873635, 95.0, 76.76, 0.04; GCA_013426815.1, s__Paludibacter sp013426815, 95.0, 76.66, 0.03; GCA_903912795.1, s__Paludibacter sp903912795, 95.0, 76.55, 0.04; GCA_003250325.1, s__Paludibacter sp003250325, 95.0, 76.48, 0.04; GCA_009929375.1, s__Paludibacter sp009929375, 95.0, 76.41, 0.05; GCA_903873355.1, s__Paludibacter sp903873355, 95.0, 76.38, 0.03; GCA_903901975.1, s__Paludibacter sp903901975, 95.0, 76.33, 0.03; GCA_002427615.1, s__Paludibacter sp002427615, 95.0, 76.09, 0.05; GCA_903929065.1, s__Paludibacter sp903929065, 95.0, 76.08, 0.03; GCA_010365115.1, s__Paludibacter sp010365115, 95.0, 75.97, 0.03; GCA_903927945.1, s__Paludibacter sp903927945, 95.0, 75.94, 0.02; GCA_002427885.1, s__Paludibacter sp002427885, 95.0, 75.85, 0.03; GCA_903911085.1, s__Paludibacter sp903911085, 95.0, 75.82, 0.03; GCA_903830915.1, s__Paludibacter sp903830915, 95.0, 75.49, 0.04	84.69	11	N/A	Genome has more than 10.8% of markers with multiple hits
bin.0118	d__Bacteria;p__Synergistota;c__Synergistia;o__Synergistales;f__Acetomicrobiaceae;g__Acetomicrobium;s__Acetomicrobium sp012518015	GCA_012518015.1	95.0	d__Bacteria;p__Synergistota;c__Synergistia;o__Synergistales;f__Acetomicrobiaceae;g__Acetomicrobium;s__Acetomicrobium sp012518015	99.21	0.9	GCA_012518015.1	95.0	d__Bacteria;p__Synergistota;c__Synergistia;o__Synergistales;f__Acetomicrobiaceae;g__Acetomicrobium;s__Acetomicrobium sp012518015	99.21	0.9	d__Bacteria;p__Synergistota;c__Synergistia;o__Synergistales;f__Acetomicrobiaceae;g__Acetomicrobium;s__	taxonomic classification defined by topology and ANI	topological placement and ANI have congruent species assignments	GCF_000160455.2, s__Acetomicrobium hydrogeniformans, 96.8272, 80.2, 0.23; GCA_002433005.1, s__Acetomicrobium sp002433005, 96.2563, 79.53, 0.19; GCF_900129645.1, s__Acetomicrobium flavidum, 95.0, 79.21, 0.26; GCA_002385485.1, s__Acetomicrobium sp002385485, 96.1959, 79.18, 0.18; GCF_900107215.1, s__Acetomicrobium thermoterrenum, 96.8272, 79.03, 0.2	73.71	11	N/A	N/A
bin.0019	d__Archaea;p__Thermoplasmatota;c__Thermoplasmata;o__Methanomassiliicoccales;f__Methanomassiliicoccaceae;g__DTU008;s__DTU008 sp001512965	GCA_001512965.1	95.0	d__Archaea;p__Thermoplasmatota;c__Thermoplasmata;o__Methanomassiliicoccales;f__Methanomassiliicoccaceae;g__DTU008;s__DTU008 sp001512965	99.62	0.88	GCA_001512965.1	95.0	d__Archaea;p__Thermoplasmatota;c__Thermoplasmata;o__Methanomassiliicoccales;f__Methanomassiliicoccaceae;g__DTU008;s__DTU008 sp001512965	99.62	0.88	d__Archaea;p__Thermoplasmatota;c__Thermoplasmata;o__Methanomassiliicoccales;f__Methanomassiliicoccaceae;g__DTU008;s__	taxonomic classification defined by topology and ANI	topological placement and ANI have congruent species assignments	GCA_001421185.1, s__DTU008 sp001421185, 95.0, 81.69, 0.71; GCA_002498285.1, s__DTU008 sp002498285, 95.0, 81.2, 0.64; GCA_002504525.1, s__DTU008 sp002504525, 95.0, 80.07, 0.63; GCA_012518185.1, s__DTU008 sp012518185, 95.0, 77.69, 0.09; GCA_012519255.1, s__DTU008 sp012519255, 95.0, 77.24, 0.15	76.41	11	N/A	N/A
bin.0024	d__Archaea;p__Halobacteriota;c__Methanomicrobia;o__Methanomicrobiales;f__Methanoculleaceae;g__Methanoculleus;s__Methanoculleus sp012797575	GCA_012797575.1	95.0	d__Archaea;p__Halobacteriota;c__Methanomicrobia;o__Methanomicrobiales;f__Methanoculleaceae;g__Methanoculleus;s__Methanoculleus sp012797575	99.18	0.98	GCA_012797575.1	95.0	d__Archaea;p__Halobacteriota;c__Methanomicrobia;o__Methanomicrobiales;f__Methanoculleaceae;g__Methanoculleus;s__Methanoculleus sp012797575	99.18	0.98	d__Archaea;p__Halobacteriota;c__Methanomicrobia;o__Methanomicrobiales;f__Methanoculleaceae;g__Methanoculleus;s__	taxonomic classification defined by topology and ANI	topological placement and ANI have congruent species assignments	GCF_000304355.2, s__Methanoculleus bourgensis, 95.0, 84.04, 0.7; GCA_001512375.1, s__Methanoculleus thermohydrogenotrophicum, 95.0, 82.65, 0.71; GCA_012510335.1, s__Methanoculleus sp012510335, 95.0, 82.44, 0.76; GCA_012521035.1, s__Methanoculleus sp012521035, 95.0, 82.19, 0.7; GCA_012510295.1, s__Methanoculleus sp012510295, 95.0, 82.18, 0.72; GCA_002501655.1, s__Methanoculleus sp002501655, 95.0, 81.41, 0.58; GCA_001896715.1, s__Methanoculleus sp001896715, 95.0, 81.24, 0.55; GCA_002503885.1, s__Methanoculleus marisnigri_B, 95.0, 81.07, 0.57; GCA_002839645.1, s__Methanoculleus sp002839645, 95.0, 80.96, 0.56; GCA_002506585.1, s__Methanoculleus sp002506585, 95.0, 80.73, 0.57; GCA_002498065.1, s__Methanoculleus sp002498065, 95.0, 80.62, 0.57; GCA_002839575.1, s__Methanoculleus sp002839575, 95.0, 80.61, 0.5; GCF_000691865.1, s__Methanoculleus sp000691865, 95.0, 80.61, 0.57; GCF_000015825.1, s__Methanoculleus marisnigri, 95.0, 80.52, 0.56; GCF_001017125.1, s__Methanoculleus sediminis, 95.0, 80.52, 0.55; GCF_900095385.1, s__Methanoculleus chikugoensis_A, 95.0, 80.44, 0.57; GCA_002499455.1, s__Methanoculleus sp002499455, 95.0, 80.26, 0.54; GCF_001602375.1, s__Methanoculleus horonobensis, 95.0, 80.23, 0.55; GCA_002508705.1, s__Methanoculleus sp002508705, 95.0, 80.13, 0.53; GCA_001315965.1, s__Methanoculleus chikugoensis, 95.0, 80.1, 0.51; GCA_012511245.1, s__Methanoculleus sp012511245, 95.0, 79.87, 0.57; GCF_001571405.1, s__Methanoculleus thermophilus, 95.0, 79.62, 0.51; GCA_002497965.1, s__Methanoculleus sp002497965, 95.0, 78.19, 0.48	95.59	11	N/A	N/A
bin.0050	d__Archaea;p__Halobacteriota;c__Methanosarcinia;o__Methanotrichales;f__Methanotrichaceae;g__Methanothrix;s__	N/A	N/A	N/A	N/A	N/A	N/A	N/A	N/A	N/A	N/A	d__Archaea;p__Halobacteriota;c__Methanosarcinia;o__Methanotrichales;f__Methanotrichaceae;g__Methanothrix;s__	taxonomic classification defined by topology and ANI	N/A	GCA_011620785.1, s__Methanothrix sp011620785, 95.0, 83.56, 0.77; GCF_000204415.1, s__Methanothrix soehngenii, 95.0, 83.47, 0.7; GCA_002256595.1, s__Methanothrix sp002256595, 95.0, 78.74, 0.42; GCA_903871465.1, s__Methanothrix sp903871465, 95.0, 78.48, 0.3; GCA_002067365.1, s__Methanothrix sp002067365, 95.0, 78.04, 0.19; GCA_011391755.1, s__Methanothrix sp011391755, 95.0, 77.98, 0.27; GCA_002067705.1, s__Methanothrix sp002067705, 95.0, 77.97, 0.27; GCA_002067755.1, s__Methanothrix sp002067755, 95.0, 77.86, 0.22; GCA_902385025.1, s__Methanothrix sp902385025, 95.0, 77.71, 0.25; GCA_003857025.1, s__Methanothrix sp003857025, 95.0, 77.63, 0.21; GCA_012798025.1, s__Methanothrix sp012798025, 95.0, 77.33, 0.21; GCA_002505805.1, s__Methanothrix sp002505805, 95.0, 77.16, 0.21	97.5	11	0.9703731741207517	Genome not assigned to closest species as it falls outside its pre-defined ANI radius
bin.0055	d__Archaea;p__Methanobacteriota;c__Thermococci;o__Methanofastidiosales;f__Methanofastidiosaceae;g__Methanofastidiosum;s__Methanofastidiosum sp012799835	GCA_012799835.1	95.0	d__Archaea;p__Methanobacteriota;c__Thermococci;o__Methanofastidiosales;f__Methanofastidiosaceae;g__Methanofastidiosum;s__Methanofastidiosum sp012799835	98.11	0.79	GCA_012799835.1	95.0	d__Archaea;p__Methanobacteriota;c__Thermococci;o__Methanofastidiosales;f__Methanofastidiosaceae;g__Methanofastidiosum;s__Methanofastidiosum sp012799835	98.11	0.79	d__Archaea;p__Methanobacteriota;c__Thermococci;o__Methanofastidiosales;f__Methanofastidiosaceae;g__Methanofastidiosum;s__	taxonomic classification defined by topology and ANI	topological placement and ANI have congruent species assignments	GCA_001587595.1, s__Methanofastidiosum sp001587595, 95.0, 91.0, 0.87; GCA_013178285.1, s__Methanofastidiosum sp013178285, 95.0, 79.83, 0.54; GCA_001587575.1, s__Methanofastidiosum sp001587575, 95.0, 79.53, 0.56; GCA_013329085.1, s__Methanofastidiosum sp9950u, 95.0, 79.34, 0.46; GCA_001587715.1, s__Methanofastidiosum sp001587715, 95.0, 79.08, 0.41; GCA_003558335.1, s__Methanofastidiosum sp003558335, 95.0, 78.35, 0.35; GCA_001587675.1, s__Methanofastidiosum sp001587675, 95.0, 78.0, 0.31	92.49	11	N/A	N/A
bin.0061	d__Archaea;p__Halobacteriota;c__Methanomicrobia;o__Methanomicrobiales;f__Methanoculleaceae;g__Methanoculleus;s__Methanoculleus bourgensis	GCF_000304355.2	95.0	d__Archaea;p__Halobacteriota;c__Methanomicrobia;o__Methanomicrobiales;f__Methanoculleaceae;g__Methanoculleus;s__Methanoculleus bourgensis	95.98	0.88	GCF_000304355.2	95.0	d__Archaea;p__Halobacteriota;c__Methanomicrobia;o__Methanomicrobiales;f__Methanoculleaceae;g__Methanoculleus;s__Methanoculleus bourgensis	95.98	0.88	d__Archaea;p__Halobacteriota;c__Methanomicrobia;o__Methanomicrobiales;f__Methanoculleaceae;g__Methanoculleus;s__	taxonomic classification defined by topology and ANI	topological placement and ANI have congruent species assignments	GCA_012521035.1, s__Methanoculleus sp012521035, 95.0, 87.5, 0.56; GCA_001512375.1, s__Methanoculleus thermohydrogenotrophicum, 95.0, 85.91, 0.65; GCA_002501655.1, s__Methanoculleus sp002501655, 95.0, 85.2, 0.75; GCA_012510295.1, s__Methanoculleus sp012510295, 95.0, 85.06, 0.52; GCA_012510335.1, s__Methanoculleus sp012510335, 95.0, 84.71, 0.54; GCA_001896715.1, s__Methanoculleus sp001896715, 95.0, 84.34, 0.5; GCA_002839645.1, s__Methanoculleus sp002839645, 95.0, 83.99, 0.74; GCA_002503885.1, s__Methanoculleus marisnigri_B, 95.0, 83.91, 0.72; GCA_002498065.1, s__Methanoculleus sp002498065, 95.0, 83.65, 0.69; GCA_002506585.1, s__Methanoculleus sp002506585, 95.0, 83.54, 0.74; GCF_000015825.1, s__Methanoculleus marisnigri, 95.0, 83.46, 0.71; GCF_001017125.1, s__Methanoculleus sediminis, 95.0, 83.39, 0.72; GCF_000691865.1, s__Methanoculleus sp000691865, 95.0, 83.24, 0.7; GCF_900095385.1, s__Methanoculleus chikugoensis_A, 95.0, 83.18, 0.74; GCA_012797575.1, s__Methanoculleus sp012797575, 95.0, 83.17, 0.53; GCF_001602375.1, s__Methanoculleus horonobensis, 95.0, 83.08, 0.71; GCA_002839575.1, s__Methanoculleus sp002839575, 95.0, 82.91, 0.66; GCA_001315965.1, s__Methanoculleus chikugoensis, 95.0, 82.84, 0.63; GCA_002499455.1, s__Methanoculleus sp002499455, 95.0, 82.83, 0.63; GCA_002508705.1, s__Methanoculleus sp002508705, 95.0, 82.5, 0.7; GCF_001571405.1, s__Methanoculleus thermophilus, 95.0, 81.68, 0.65; GCA_012511245.1, s__Methanoculleus sp012511245, 95.0, 81.51, 0.49; GCA_002497965.1, s__Methanoculleus sp002497965, 95.0, 80.82, 0.45	54.74	11	N/A	N/A
bin.0093	d__Archaea;p__Iainarchaeota;c__Iainarchaeia;o__Iainarchaeales;f__JAAZKV01;g__JAAZKV01;s__JAAZKV01 sp012799645	GCA_012799645.1	95.0	d__Archaea;p__Iainarchaeota;c__Iainarchaeia;o__Iainarchaeales;f__JAAZKV01;g__JAAZKV01;s__JAAZKV01 sp012799645	99.8	0.96	GCA_012799645.1	95.0	d__Archaea;p__Iainarchaeota;c__Iainarchaeia;o__Iainarchaeales;f__JAAZKV01;g__JAAZKV01;s__JAAZKV01 sp012799645	99.8	0.96	d__Archaea;p__Iainarchaeota;c__Iainarchaeia;o__Iainarchaeales;f__JAAZKV01;g__JAAZKV01;s__	taxonomic classification defined by topology and ANI	topological placement and ANI have congruent species assignments	GCA_002068885.1, s__JAAZKV01 sp002068885, 95.0, 77.35, 0.21; GCA_902385225.1, s__JAAZKV01 sp902385225, 95.0, 76.69, 0.06	69.65	11	N/A	N/A
